Workbook

Sheet 붙여넣기용
C1: 35000 | G1: 강계순5423
C2: 35000 | G2: 강권종2013
C3: 35000 | G3: 강금옥4252
C4: 35000 | G4: 강두연1222
C5: 35000 | G5: 강민정0333
C6: 35000 | G6: 최인숙2765
C7: 35000 | G7: 강윤진3620
C8: 35000 | G8: 강창숙5339
C9: 35000 | G9: 강철민6334
C10: 35000 | G10: 강평애6138
C11: 35000 | G11: 강향숙1335
C12: 35000 | G12: 강현수8943
... C982: 70000 | G982: KIM DENNIS HO7251

Sheet 1. 신청자리스트
A1: ID | B1: 신청일시 | C1: 이름 | D1: 전화번호 | E1: 생년월일(앞자리) | F1: 티켓수 | G1: 동반자 이름 | H1: 동반자 전화번호 | I1: 동반자 생년월일 | J1: 임시인덱스 | K1: 중복입금여부 | L1: 필요입금액 | M1: 실제입금액 | N1: 환급액
A2: 145 | B2: 2025. 12. 07. 09:06:03 | C2: 김영련 | D2: 010-3661-1199 | E2: 580809 | F2: 2 | G2: 주영혜 | H2: 010-6235-8260 | I2: 540205 | J2: =concatenate(C2,right(D2,4)) -> 김영련1199 | K2: =if(N2=0,"정상","중복") -> 중복 | L2: 70000 | M2: 140000 | N2: 70000 | O2: 필요입금액 | P2: =sum(L:L) -> 50470000
A3: 918 | B3: 2025. 12. 07. 09:07:52 | C3: 최원현 | D3: 010-3000-5775 | E3: 600729 | F3: 2 | G3: 정시유 | H3: 010-3000-5125 | I3: 630403 | J3: =concatenate(C3,right(D3,4)) -> 최원현5775 | K3: =if(N3=0,"정상","중복") -> 중복 | L3: 70000 | M3: 140000 | N3: 70000 | O3: 실입금합계 | P3: =sum('1.신청입금매칭표'!G:G) -> 59500000
A4: 629 | B4: 2025. 12. 07. 09:07:26 | C4: 이유주 | D4: 010-7138-0037 | E4: 640228 | F4: 2 | G4: 손정애 | H4: 010-5591-1926 | I4: 531125 | J4: =concatenate(C4,right(D4,4)) -> 이유주0037 | K4: =if(N4=0,"정상","중복") -> 정상 | L4: 70000 | M4: 70000 | N4: 0 | O4: 환급액 | P4: =sum(N:N) -> 9030000
A5: 319 | B5: 2025. 12. 07. 09:06:49 | C5: 함정순 | D5: 010-8885-5693 | E5: 620819 | F5: 2 | G5: 문현주 | H5: 010-6316-5693 | I5: 890118 | J5: =concatenate(C5,right(D5,4)) -> 함정순5693 | K5: =if(N5=0,"정상","중복") -> 정상 | L5: 70000 | M5: 70000 | N5: 0 | O5: 실입금-환급 | P5: =P3-P4 -> 50470000
A6: 129 | B6: 2025. 12. 07. 09:02:10 | C6: 임기영 | D6: 010-9605-2028 | E6: 810729 | F6: 2 | G6: - | H6: - | I6: - | J6: =concatenate(C6,right(D6,4)) -> 임기영2028 | K6: =if(N6=0,"정상","중복") -> 정상 | L6: 70000 | M6: 70000 | N6: 0
A7: 986 | B7: 2025. 12. 07. 09:07:57 | C7: 민도선 | D7: 010-2806-5057 | E7: 601020 | F7: 2 | G7: 이경민 | H7: 010-5360-3758 | I7: 880223 | J7: =concatenate(C7,right(D7,4)) -> 민도선5057 | K7: =if(N7=0,"정상","중복") -> 중복 | L7: 70000 | M7: 210000 | N7: 140000
A8: 491 | B8: 2025. 12. 07. 09:07:06 | C8: 최숙희 | D8: 010-4801-8576 | E8: 700513 | F8: 2 | G8: 신미자 | H8: 010-3604-1619 | I8: 740720 | J8: =concatenate(C8,right(D8,4)) -> 최숙희8576 | K8: =if(N8=0,"정상","중복") -> 중복 | L8: 70000 | M8: 210000 | N8: 140000
A9: 349 | B9: 2025. 12. 07. 09:06:52 | C9: 정옥화 | D9: 010-5300-5039 | E9: 760218 | F9: 2 | G9: 류제성 | H9: 010-3672-6717 | I9: 880522 | J9: =concatenate(C9,right(D9,4)) -> 정옥화5039 | K9: =if(N9=0,"정상","중복") -> 중복 | L9: 70000 | M9: 210000 | N9: 140000
A10: 416 | B10: 2025. 12. 07. 09:06:59 | C10: 지은자 | D10: 010-4937-5295 | E10: 691025 | F10: 2 | G10: 김해영 | H10: 010-6556-2831 | I10: 691223 | J10: =concatenate(C10,right(D10,4)) -> 지은자5295 | K10: =if(N10=0,"정상","중복") -> 중복 | L10: 70000 | M10: 210000 | N10: 140000
A11: 484 | B11: 2025. 12. 07. 09:07:05 | C11: 안은숙 | D11: 010-2804-5404 | E11: 630208 | F11: 2 | G11: 김종대 | H11: 010-8231-1890 | I11: 610313 | J11: =concatenate(C11,right(D11,4)) -> 안은숙5404 | K11: =if(N11=0,"정상","중복") -> 중복 | L11: 70000 | M11: 210000 | N11: 140000
A12: 1055 | B12: 2025. 12. 07. 09:08:00 | C12: 백은주 | D12: 010-3324-8636 | E12: 620521 | F12: 2 | G12: 김태순 | H12: 010-3238-5025 | I12: 550315 | J12: =concatenate(C12,right(D12,4)) -> 백은주8636 | K12: =if(N12=0,"정상","중복") -> 중복 | L12: 70000 | M12: 200000 | N12: 130000
A13: 336 | B13: 2025. 12. 07. 09:06:51 | C13: 석진순 | D13: 010-4646-8304 | E13: 670202 | F13: 2 | G13: 김필환 | H13: 010-3622-0097 | I13: 600924 | J13: =concatenate(C13,right(D13,4)) -> 석진순8304 | K13: =if(N13=0,"정상","중복") -> 중복 | L13: 70000 | M13: 190000 | N13: 120000
A14: 741 | B14: 2025. 12. 07. 09:07:36 | C14: 김지수 | D14: 010-5008-7210 | E14: 721007 | F14: 2 | G14: 허연희 | H14: 010-2606-7464 | I14: 780112 | J14: =concatenate(C14,right(D14,4)) -> 김지수7210 | K14: =if(N14=0,"정상","중복") -> 중복 | L14: 70000 | M14: 140000 | N14: 70000
A15: 1039 | B15: 2025. 12. 07. 09:07:59 | C15: 김일 | D15: 010-4350-9644 | E15: 630102 | F15: 2 | G15: 한명희 | H15: 010-5632-8863 | I15: 631012 | J15: =concatenate(C15,right(D15,4)) -> 김일9644 | K15: =if(N15=0,"정상","중복") -> 중복 | L15: 70000 | M15: 140000 | N15: 70000
A16: 984 | B16: 2025. 12. 07. 09:07:57 | C16: 차현주 | D16: 010-4512-1480 | E16: 650203 | F16: 2 | G16: 하예진 | H16: 010-5795-1480 | I16: 910215 | J16: =concatenate(C16,right(D16,4)) -> 차현주1480 | K16: =if(N16=0,"정상","중복") -> 중복 | L16: 70000 | M16: 140000 | N16: 70000
A17: 1224 | B17: 2025. 12. 07. 09:08:12 | C17: 윤경숙 | D17: 010-7119-1230 | E17: 580221 | F17: 2 | G17: 최정묵 | H17: 010-7337-2727 | I17: 590407 | J17: =concatenate(C17,right(D17,4)) -> 윤경숙1230 | K17: =if(N17=0,"정상","중복") -> 중복 | L17: 70000 | M17: 140000 | N17: 70000
A18: 1075 | B18: 2025. 12. 07. 09:08:01 | C18: 이혜승 | D18: 010-4184-7794 | E18: 740508 | F18: 2 | G18: 최인자 | H18: 010-4174-4809 | I18: 480914 | J18: =concatenate(C18,right(D18,4)) -> 이혜승7794 | K18: =if(N18=0,"정상","중복") -> 중복 | L18: 70000 | M18: 140000 | N18: 70000
... A118: 940 | B118: 2025. 12. 07. 09:07:53 | C118: 김나경 | D118: 010-2618-0321 | E118: 671113 | F118: 2 | G118: 조은나 | H118: 010-7272-0082 | I118: 640925 | J118: =concatenate(C118,right(D118,4)) -> 김나경0321 | K118: =if(N118=0,"정상","중복") -> 정상 | L118: 70000 | M118: 70000 | N118: 0
A119: 282 | B119: 2025. 12. 07. 09:06:41 | C119: 김경애 | D119: 010-4532-4674 | E119: 661225 | F119: 1 | G119: - | H119: - | I119: - | J119: =concatenate(C119,right(D119,4)) -> 김경애4674 | K119: =if(N119=0,"정상","중복") -> 정상 | L119: 35000 | M119: 35000 | N119: 0
A120: 1192 | B120: 2025. 12. 07. 09:08:09 | C120: 박종구 | D120: 010-6221-2737 | E120: 660414 | F120: 2 | G120: 조성희 | H120: 010-6404-0942 | I120: 701110 | J120: =concatenate(C120,right(D120,4)) -> 박종구2737 | K120: =if(N120=0,"정상","중복") -> 정상 | L120: 70000 | M120: 70000 | N120: 0
A121: 436 | B121: 2025. 12. 07. 09:07:02 | C121: 라광수 | D121: 010-3352-1795 | E121: 690502 | F121: 2 | G121: 조미정 | H121: 010-5290-0071 | I121: 740429 | J121: =concatenate(C121,right(D121,4)) -> 라광수1795 | K121: =if(N121=0,"정상","중복") -> 정상 | L121: 70000 | M121: 70000 | N121: 0
A122: 582 | B122: 2025. 12. 07. 09:07:19 | C122: 정경희 | D122: 010-6543-3473 | E122: 630223 | F122: 2 | G122: 조규희 | H122: 010-9998-4952 | I122: 840116 | J122: =concatenate(C122,right(D122,4)) -> 정경희3473 | K122: =if(N122=0,"정상","중복") -> 정상 | L122: 70000 | M122: 70000 | N122: 0
A123: 415 | B123: 2025. 12. 07. 09:06:58 | C123: 송효석 | D123: 010-3206-2739 | E123: 550403 | F123: 2 | G123: 조규태 | H123: 010-8541-1708 | I123: 560418 | J123: =concatenate(C123,right(D123,4)) -> 송효석2739 | K123: =if(N123=0,"정상","중복") -> 정상 | L123: 70000 | M123: 70000 | N123: 0
A124: 960 | B124: 2025. 12. 07. 09:07:55 | C124: 김연심 | D124: 010-8661-9623 | E124: 801021 | F124: 2 | G124: 정희진 | H124: 010-7726-6932 | I124: 751226 | J124: =concatenate(C124,right(D124,4)) -> 김연심9623 | K124: =if(N124=0,"정상","중복") -> 정상 | L124: 70000 | M124: 70000 | N124: 0
A125: 556 | B125: 2025. 12. 07. 09:07:15 | C125: 김준환 | D125: 010-5489-4094 | E125: 551203 | F125: 2 | G125: 정주아 | H125: 010-8380-3278 | I125: 830213 | J125: =concatenate(C125,right(D125,4)) -> 김준환4094 | K125: =if(N125=0,"정상","중복") -> 정상 | L125: 70000 | M125: 70000 | N125: 0
A126: 387 | B126: 2025. 12. 07. 09:06:55 | C126: 장승희 | D126: 010-4084-5967 | E126: 750211 | F126: 2 | G126: 정종섭 | H126: 010-2374-3901 | I126: 451027 | J126: =concatenate(C126,right(D126,4)) -> 장승희5967 | K126: =if(N126=0,"정상","중복") -> 정상 | L126: 70000 | M126: 70000 | N126: 0
A127: 730 | B127: 2025. 12. 07. 09:07:34 | C127: 박옥자 | D127: 010-2250-4409 | E127: 620210 | F127: 2 | G127: 정정순 | H127: 010-9246-6577 | I127: 531004 | J127: =concatenate(C127,right(D127,4)) -> 박옥자4409 | K127: =if(N127=0,"정상","중복") -> 정상 | L127: 70000 | M127: 70000 | N127: 0
A128: 212 | B128: 2025. 12. 07. 09:06:15 | C128: 원지희 | D128: 010-9964-6017 | E128: 740805 | F128: 2 | G128: 정유진 | H128: 010-6270-2050 | I128: 760123 | J128: =concatenate(C128,right(D128,4)) -> 원지희6017 | K128: =if(N128=0,"정상","중복") -> 정상 | L128: 70000 | M128: 70000 | N128: 0
A129: 927 | B129: 2025. 12. 07. 09:07:52 | C129: 김은주 | D129: 010-7603-2133 | E129: 700401 | F129: 2 | G129: 정영실 | H129: 010-2880-9756 | I129: 710123 | J129: =concatenate(C129,right(D129,4)) -> 김은주2133 | K129: =if(N129=0,"정상","중복") -> 정상 | L129: 70000 | M129: 70000 | N129: 0
A130: 220 | B130: 2025. 12. 07. 09:06:21 | C130: 이진숙 | D130: 010-9744-9539 | E130: 580621 | F130: 2 | G130: 정영식 | H130: 010-7578-9538 | I130: 490529 | J130: =concatenate(C130,right(D130,4)) -> 이진숙9539 | K130: =if(N130=0,"정상","중복") -> 정상 | L130: 70000 | M130: 70000 | N130: 0
A131: 1079 | B131: 2025. 12. 07. 09:08:01 | C131: 이경자 | D131: 010-6332-4474 | E131: 750715 | F131: 2 | G131: 정영경 | H131: 010-7741-4479 | I131: 10628 | J131: =concatenate(C131,right(D131,4)) -> 이경자4474 | K131: =if(N131=0,"정상","중복") -> 정상 | L131: 70000 | M131: 70000 | N131: 0
... A419: 524 | B419: 2025. 12. 07. 09:07:10 | C419: 조찬영 | D419: 010-9172-2959 | E419: 801104 | F419: 2 | G419: 강선영 | H419: 010-9472-3342 | I419: 740104 | J419: =concatenate(C419,right(D419,4)) -> 조찬영2959 | K419: =if(N419=0,"정상","중복") -> 정상 | L419: 70000 | M419: 70000 | N419: 0
A420: 844 | B420: 2025. 12. 07. 09:07:46 | C420: 나현기 | D420: 010-4333-0612 | E420: 730712 | F420: 2 | G420: - | H420: - | I420: - | J420: =concatenate(C420,right(D420,4)) -> 나현기0612 | K420: =if(N420=0,"정상","중복") -> 정상 | L420: 70000 | M420: 70000 | N420: 0
A421: 1156 | B421: 2025. 12. 07. 09:08:06 | C421: 박정남 | D421: 010-5501-7595 | E421: 630716 | F421: 2 | G421: - | H421: - | I421: - | J421: =concatenate(C421,right(D421,4)) -> 박정남7595 | K421: =if(N421=0,"정상","중복") -> 정상 | L421: 70000 | M421: 70000 | N421: 0
A422: 1058 | B422: 2025. 12. 07. 09:08:00 | C422: 유미숙 | D422: 010-3710-0143 | E422: 660419 | F422: 2 | G422: - | H422: - | I422: - | J422: =concatenate(C422,right(D422,4)) -> 유미숙0143 | K422: =if(N422=0,"정상","중복") -> 정상 | L422: 70000 | M422: 70000 | N422: 0
A423: 249 | B423: 2025. 12. 07. 09:06:29 | C423: 이혜경 | D423: 010-6286-6721 | E423: 711021 | F423: 2 | G423: - | H423: - | I423: - | J423: =concatenate(C423,right(D423,4)) -> 이혜경6721 | K423: =if(N423=0,"정상","중복") -> 정상 | L423: 70000 | M423: 70000 | N423: 0
A424: 1244 | B424: 2025. 12. 07. 09:08:14 | C424: 이혜은 | D424: 010-9701-1016 | E424: 810415 | F424: 2 | G424: - | H424: - | I424: - | J424: =concatenate(C424,right(D424,4)) -> 이혜은1016 | K424: =if(N424=0,"정상","중복") -> 정상 | L424: 70000 | M424: 70000 | N424: 0
A425: 217 | B425: 2025. 12. 07. 09:06:16 | C425: 윤점례 | D425: 010-8127-0794 | E425: 570705 | F425: 1 | G425: - | H425: - | I425: - | J425: =concatenate(C425,right(D425,4)) -> 윤점례0794 | K425: =if(N425=0,"정상","중복") -> 정상 | L425: 35000 | M425: 35000 | N425: 0
A426: 991 | B426: 2025. 12. 07. 09:07:57 | C426: 신연희 | D426: 010-2205-0982 | E426: 641215 | F426: 1 | J426: =concatenate(C426,right(D426,4)) -> 신연희0982 | K426: =if(N426=0,"정상","중복") -> 중복 | L426: 35000 | M426: 70000 | N426: 35000
A427: 1184 | B427: 2025. 12. 07. 09:08:08 | C427: 주청주 | D427: 010-8798-8084 | E427: 591006 | F427: 1 | G427: - | H427: - | I427: - | J427: =concatenate(C427,right(D427,4)) -> 주청주8084 | K427: =if(N427=0,"정상","중복") -> 중복 | L427: 35000 | M427: 210000 | N427: 175000
A428: 1016 | B428: 2025. 12. 07. 09:07:58 | C428: 남유정 | D428: 010-5491-5239 | E428: 630521 | F428: 2 | G428: 김경신 | H428: 010-2300-9543 | I428: 641216 | J428: =concatenate(C428,right(D428,4)) -> 남유정5239 | K428: =if(N428=0,"정상","중복") -> 중복 | L428: 70000 | M428: 140000 | N428: 70000
A429: 1038 | B429: 2025. 12. 07. 09:07:59 | C429: 이인경 | D429: 010-2415-9828 | E429: 770114 | F429: 1 | G429: - | H429: - | I429: - | J429: =concatenate(C429,right(D429,4)) -> 이인경9828 | K429: =if(N429=0,"정상","중복") -> 중복 | L429: 35000 | M429: 140000 | N429: 105000
A430: 1248 | B430: 2025. 12. 08. 08:12:18 | C430: 지은아 | D430: 010-5531-3799 | E430: 690830 | F430: 1 | G430: - | H430: - | I430: - | J430: =concatenate(C430,right(D430,4)) -> 지은아3799 | K430: =if(N430=0,"정상","중복") -> 중복 | L430: 35000 | M430: 130000 | N430: 95000
A431: 850 | B431: 2025. 12. 07. 09:07:47 | C431: 길선영 | D431: 010-2289-6203 | E431: 700225 | F431: 1 | G431: - | H431: - | I431: - | J431: =concatenate(C431,right(D431,4)) -> 길선영6203 | K431: =if(N431=0,"정상","중복") -> 중복 | L431: 35000 | M431: 105000 | N431: 70000
A432: 1211 | B432: 2025. 12. 07. 09:08:11 | C432: 김미영 | D432: 010-9727-3217 | E432: 680105 | F432: 1 | G432: - | H432: - | I432: - | J432: =concatenate(C432,right(D432,4)) -> 김미영3217 | K432: =if(N432=0,"정상","중복") -> 중복 | L432: 35000 | M432: 105000 | N432: 70000
A433: 1093 | B433: 2025. 12. 07. 09:08:02 | C433: 김미현 | D433: 010-6218-9441 | E433: 671013 | F433: 1 | G433: - | H433: - | I433: - | J433: =concatenate(C433,right(D433,4)) -> 김미현9441 | K433: =if(N433=0,"정상","중복") -> 중복 | L433: 35000 | M433: 105000 | N433: 70000
A434: 270 | B434: 2025. 12. 07. 09:06:36 | C434: 김은선 | D434: 010-4253-1156 | E434: 641101 | F434: 1 | G434: - | H434: - | I434: - | J434: =concatenate(C434,right(D434,4)) -> 김은선1156 | K434: =if(N434=0,"정상","중복") -> 중복 | L434: 35000 | M434: 105000 | N434: 70000
A435: 316 | B435: 2025. 12. 07. 09:06:48 | C435: 김정임 | D435: 010-4267-1446 | E435: 571010 | F435: 1 | G435: - | H435: - | I435: - | J435: =concatenate(C435,right(D435,4)) -> 김정임1446 | K435: =if(N435=0,"정상","중복") -> 중복 | L435: 35000 | M435: 105000 | N435: 70000
A436: 563 | B436: 2025. 12. 07. 09:07:16 | C436: 서정숙 | D436: 010-3723-9863 | E436: 610726 | F436: 1 | G436: - | H436: - | I436: - | J436: =concatenate(C436,right(D436,4)) -> 서정숙9863 | K436: =if(N436=0,"정상","중복") -> 중복 | L436: 35000 | M436: 105000 | N436: 70000
A437: 886 | B437: 2025. 12. 07. 09:07:50 | C437: 유서현 | D437: 010-6223-8801 | E437: 640509 | F437: 1 | G437: - | H437: - | I437: - | J437: =concatenate(C437,right(D437,4)) -> 유서현8801 | K437: =if(N437=0,"정상","중복") -> 중복 | L437: 35000 | M437: 105000 | N437: 70000
A438: 141 | B438: 2025. 12. 07. 09:06:02 | C438: 윤민아 | D438: 010-9535-2010 | E438: 770820 | F438: 1 | G438: - | H438: - | I438: - | J438: =concatenate(C438,right(D438,4)) -> 윤민아2010 | K438: =if(N438=0,"정상","중복") -> 중복 | L438: 35000 | M438: 105000 | N438: 70000
A439: 896 | B439: 2025. 12. 07. 09:07:51 | C439: 윤성애 | D439: 010-3123-5812 | E439: 561125 | F439: 1 | G439: - | H439: - | I439: - | J439: =concatenate(C439,right(D439,4)) -> 윤성애5812 | K439: =if(N439=0,"정상","중복") -> 중복 | L439: 35000 | M439: 105000 | N439: 70000
A440: 335 | B440: 2025. 12. 07. 09:06:51 | C440: 이미희 | D440: 010-8019-9889 | E440: 690320 | F440: 1 | G440: - | H440: - | I440: - | J440: =concatenate(C440,right(D440,4)) -> 이미희9889 | K440: =if(N440=0,"정상","중복") -> 중복 | L440: 35000 | M440: 105000 | N440: 70000
... A442: 464 | B442: 2025. 12. 07. 09:07:03 | C442: 조재희 | D442: 010-2361-5066 | E442: 730107 | F442: 1 | G442: - | H442: - | I442: - | J442: =concatenate(C442,right(D442,4)) -> 조재희5066 | K442: =if(N442=0,"정상","중복") -> 중복 | L442: 35000 | M442: 105000 | N442: 70000
A443: 292 | B443: 2025. 12. 07. 09:06:43 | C443: 정해숙 | D443: 010-9190-6169 | E443: 570203 | F443: 1 | J443: =concatenate(C443,right(D443,4)) -> 정해숙6169 | K443: =if(N443=0,"정상","중복") -> 중복 | L443: 35000 | M443: 70000 | N443: 35000
A444: 392 | B444: 2025. 12. 07. 09:06:56 | C444: 박순정 | D444: 010-5697-6766 | E444: 740419 | F444: 1 | J444: =concatenate(C444,right(D444,4)) -> 박순정6766 | K444: =if(N444=0,"정상","중복") -> 중복 | L444: 35000 | M444: 70000 | N444: 35000
A445: 161 | B445: 2025. 12. 07. 09:06:04 | C445: 강계순 | D445: 010-6277-5423 | E445: 611009 | F445: 1 | G445: - | H445: - | I445: - | J445: =concatenate(C445,right(D445,4)) -> 강계순5423 | K445: =if(N445=0,"정상","중복") -> 중복 | L445: 35000 | M445: 70000 | N445: 35000
A446: 1169 | B446: 2025. 12. 07. 09:08:07 | C446: 권명순 | D446: 010-8729-2453 | E446: 630904 | F446: 1 | G446: - | H446: - | I446: - | J446: =concatenate(C446,right(D446,4)) -> 권명순2453 | K446: =if(N446=0,"정상","중복") -> 중복 | L446: 35000 | M446: 70000 | N446: 35000
A447: 1083 | B447: 2025. 12. 07. 09:08:01 | C447: 권민주 | D447: 010-7906-2689 | E447: 760811 | F447: 1 | G447: - | H447: - | I447: - | J447: =concatenate(C447,right(D447,4)) -> 권민주2689 | K447: =if(N447=0,"정상","중복") -> 중복 | L447: 35000 | M447: 70000 | N447: 35000
A448: 1126 | B448: 2025. 12. 07. 09:08:04 | C448: 권영진 | D448: 010-7104-9389 | E448: 781113 | F448: 1 | G448: - | H448: - | I448: - | J448: =concatenate(C448,right(D448,4)) -> 권영진9389 | K448: =if(N448=0,"정상","중복") -> 중복 | L448: 35000 | M448: 70000 | N448: 35000
A449: 958 | B449: 2025. 12. 07. 09:07:55 | C449: 금동남 | D449: 010-8248-4343 | E449: 651215 | F449: 1 | G449: - | H449: - | I449: - | J449: =concatenate(C449,right(D449,4)) -> 금동남4343 | K449: =if(N449=0,"정상","중복") -> 중복 | L449: 35000 | M449: 70000 | N449: 35000
A450: 1018 | B450: 2025. 12. 07. 09:07:59 | C450: 김경희 | D450: 010-3287-1026 | E450: 611026 | F450: 1 | G450: - | H450: - | I450: - | J450: =concatenate(C450,right(D450,4)) -> 김경희1026 | K450: =if(N450=0,"정상","중복") -> 중복 | L450: 35000 | M450: 70000 | N450: 35000
A451: 305 | B451: 2025. 12. 07. 09:06:45 | C451: 김두리 | D451: 010-4140-9190 | E451: 550315 | F451: 1 | G451: - | H451: - | I451: - | J451: =concatenate(C451,right(D451,4)) -> 김두리9190 | K451: =if(N451=0,"정상","중복") -> 중복 | L451: 35000 | M451: 70000 | N451: 35000
A452: 163 | B452: 2025. 12. 07. 09:06:04 | C452: 김명자 | D452: 010-9152-8644 | E452: 560508 | F452: 1 | G452: - | H452: - | I452: - | J452: =concatenate(C452,right(D452,4)) -> 김명자8644 | K452: =if(N452=0,"정상","중복") -> 중복 | L452: 35000 | M452: 70000 | N452: 35000
A453: 811 | B453: 2025. 12. 07. 09:07:43 | C453: 김문례 | D453: 010-9977-3287 | E453: 760912 | F453: 1 | G453: - | H453: - | I453: - | J453: =concatenate(C453,right(D453,4)) -> 김문례3287 | K453: =if(N453=0,"정상","중복") -> 중복 | L453: 35000 | M453: 70000 | N453: 35000
A454: 803 | B454: 2025. 12. 07. 09:07:43 | C454: 김미교 | D454: 010-5671-2676 | E454: 710210 | F454: 1 | G454: - | H454: - | I454: - | J454: =concatenate(C454,right(D454,4)) -> 김미교2676 | K454: =if(N454=0,"정상","중복") -> 중복 | L454: 35000 | M454: 70000 | N454: 35000
A455: 288 | B455: 2025. 12. 07. 09:06:43 | C455: 김미숙 | D455: 010-3119-9582 | E455: 700128 | F455: 1 | G455: - | H455: - | I455: - | J455: =concatenate(C455,right(D455,4)) -> 김미숙9582 | K455: =if(N455=0,"정상","중복") -> 중복 | L455: 35000 | M455: 70000 | N455: 35000
A456: 515 | B456: 2025. 12. 07. 09:07:08 | C456: 김미주 | D456: 010-3394-8262 | E456: 790819 | F456: 1 | G456: - | H456: - | I456: - | J456: =concatenate(C456,right(D456,4)) -> 김미주8262 | K456: =if(N456=0,"정상","중복") -> 중복 | L456: 35000 | M456: 70000 | N456: 35000
... A979: 929 | B979: 2025. 12. 07. 09:07:52 | C979: LEE TAYLOR NAYON | D979: 010-4671-0616 | E979: 720301 | F979: 1 | G979: - | H979: - | I979: - | J979: =concatenate(C979,right(D979,4)) -> LEE TAYLOR NAYON0616 | K979: =if(N979=0,"정상","중복") -> 정상 | L979: 35000 | M979: 35000 | N979: 0
A980: 723 | B980: 2025. 12. 07. 09:07:33 | C980: 이혜경 | D980: 010-3792-5362 | E980: 601015 | F980: 1 | J980: =concatenate(C980,right(D980,4)) -> 이혜경5362 | K980: =if(N980=0,"정상","중복") -> 정상 | L980: 35000 | M980: 35000 | N980: 0
A981: 1278 | B981: 2025. 12. 11. 00:10:01 | C981: 김영희 | D981: 010-5433-5394 | E981: 560815 | F981: 2 | G981: 김영미 | H981: 010-8449-5110 | I981: 640215 | J981: =concatenate(C981,right(D981,4)) -> 김영희5394 | K981: =if(N981=0,"정상","중복") -> 정상 | L981: 70000 | M981: 70000 | N981: 0
A982: 1277 | B982: 2025. 12. 11. 00:09:30 | C982: 차수진 | D982: 010-9237-1224 | E982: 851224 | F982: 2 | G982: 박경주 | H982: 010-6223-9537 | I982: 790721 | J982: =concatenate(C982,right(D982,4)) -> 차수진1224 | K982: =if(N982=0,"정상","중복") -> 정상 | L982: 70000 | M982: 70000 | N982: 0
A983: 1276 | B983: 2025. 12. 11. 00:08:55 | C983: 박규현 | D983: 010-2906-5383 | E983: 751027 | F983: 1 | G983: - | H983: - | I983: - | J983: =concatenate(C983,right(D983,4)) -> 박규현5383 | K983: =if(N983=0,"정상","중복") -> 정상 | L983: 35000 | M983: 35000 | N983: 0
A984: 1275 | B984: 2025. 12. 11. 00:08:33 | C984: 강종오 | D984: 010-8228-8620 | E984: 660306 | F984: 2 | G984: 강현수 | H984: 010-8701-8620 | I984: 960303 | J984: =concatenate(C984,right(D984,4)) -> 강종오8620 | K984: =if(N984=0,"정상","중복") -> 정상 | L984: 70000 | M984: 70000 | N984: 0
A985: 1274 | B985: 2025. 12. 11. 00:08:01 | C985: 손미화 | D985: 010-8780-8192 | E985: 590930 | F985: 1 | G985: - | H985: - | I985: - | J985: =concatenate(C985,right(D985,4)) -> 손미화8192 | K985: =if(N985=0,"정상","중복") -> 정상 | L985: 35000 | M985: 35000 | N985: 0
A986: 1273 | B986: 2025. 12. 11. 00:07:40 | C986: 황남순 | D986: 010-4587-9282 | E986: 620808 | F986: 1 | G986: - | H986: - | I986: - | J986: =concatenate(C986,right(D986,4)) -> 황남순9282 | K986: =if(N986=0,"정상","중복") -> 정상 | L986: 35000 | M986: 35000 | N986: 0
A987: 1272 | B987: 2025. 12. 11. 00:07:22 | C987: 임순빈 | D987: 010-5033-4525 | E987: 580805 | F987: 1 | G987: - | H987: - | I987: - | J987: =concatenate(C987,right(D987,4)) -> 임순빈4525 | K987: =if(N987=0,"정상","중복") -> 정상 | L987: 35000 | M987: 35000 | N987: 0
A988: 1271 | B988: 2025. 12. 11. 00:07:00 | C988: 이금봉 | D988: 010-2578-6142 | E988: 561115 | F988: 2 | G988: 김희정 | H988: 010-5011-5283 | I988: 710416 | J988: =concatenate(C988,right(D988,4)) -> 이금봉6142 | K988: =if(N988=0,"정상","중복") -> 정상 | L988: 70000 | M988: 70000 | N988: 0
A989: 1270 | B989: 2025. 12. 11. 00:06:27 | C989: 양영주 | D989: 010-2978-6549 | E989: 811225 | F989: 1 | G989: - | H989: - | I989: - | J989: =concatenate(C989,right(D989,4)) -> 양영주6549 | K989: =if(N989=0,"정상","중복") -> 정상 | L989: 35000 | M989: 35000 | N989: 0
A990: 1269 | B990: 2025. 12. 11. 00:06:07 | C990: 이복남 | D990: 010-2541-7212 | E990: 640623 | F990: 1 | G990: - | H990: - | I990: - | J990: =concatenate(C990,right(D990,4)) -> 이복남7212 | K990: =if(N990=0,"정상","중복") -> 정상 | L990: 35000 | M990: 35000 | N990: 0
A991: 1268 | B991: 2025. 12. 11. 00:05:21 | C991: 오금순 | D991: 010-4769-9367 | E991: 581025 | F991: 1 | G991: - | H991: - | I991: - | J991: =concatenate(C991,right(D991,4)) -> 오금순9367 | K991: =if(N991=0,"정상","중복") -> 정상 | L991: 35000 | M991: 35000 | N991: 0
A992: 1267 | B992: 2025. 12. 11. 00:05:04 | C992: 손영숙 | D992: 010-2014-5896 | E992: 620515 | F992: 1 | G992: - | H992: - | I992: - | J992: =concatenate(C992,right(D992,4)) -> 손영숙5896 | K992: =if(N992=0,"정상","중복") -> 정상 | L992: 35000 | M992: 35000 | N992: 0
A993: 1266 | B993: 2025. 12. 11. 00:04:35 | C993: 황은옥 | D993: 010-9058-8084 | E993: 611223 | F993: 2 | G993: 황은미 | H993: 010-3284-3729 | I993: 660930 | J993: =concatenate(C993,right(D993,4)) -> 황은옥8084 | K993: =if(N993=0,"정상","중복") -> 정상 | L993: 70000 | M993: 70000 | N993: 0
A994: 1265 | B994: 2025. 12. 11. 00:04:04 | C994: 이희옥 | D994: 010-8643-0619 | E994: 560330 | F994: 1 | G994: - | H994: - | I994: - | J994: =concatenate(C994,right(D994,4)) -> 이희옥0619 | K994: =if(N994=0,"정상","중복") -> 중복 | L994: 35000 | M994: 140000 | N994: 105000
A995: 1264 | B995: 2025. 12. 11. 00:03:18 | C995: 이재민 | D995: 010-9011-2527 | E995: 510419 | F995: 2 | G995: 최수남 | H995: 010-3382-3313 | I995: 520131 | J995: =concatenate(C995,right(D995,4)) -> 이재민2527 | K995: =if(N995=0,"정상","중복") -> 정상 | L995: 70000 | M995: 70000 | N995: 0
A996: 1263 | B996: 2025. 12. 11. 00:03:00 | C996: 황명선 | D996: 010-9197-3881 | E996: 610225 | F996: 1 | G996: - | H996: - | I996: - | J996: =concatenate(C996,right(D996,4)) -> 황명선3881 | K996: =if(N996=0,"정상","중복") -> 정상 | L996: 35000 | M996: 35000 | N996: 0
A997: 1262 | B997: 2025. 12. 11. 00:02:41 | C997: 김인혜 | D997: 010-3566-0306 | E997: 650306 | F997: 1 | G997: - | H997: - | I997: - | J997: =concatenate(C997,right(D997,4)) -> 김인혜0306 | K997: =if(N997=0,"정상","중복") -> 정상 | L997: 35000 | M997: 35000 | N997: 0
A998: 1261 | B998: 2025. 12. 11. 00:02:22 | C998: 공나윤 | D998: 010-8720-5944 | E998: 570108 | F998: 2 | G998: 공연숙 | H998: 010-8793-6200 | I998: 530122 | J998: =concatenate(C998,right(D998,4)) -> 공나윤5944 | K998: =if(N998=0,"정상","중복") -> 정상 | L998: 70000 | M998: 70000 | N998: 0
A999: 1260 | B999: 2025. 12. 11. 00:01:45 | C999: 박지영 | D999: 010-3764-6373 | E999: 740908 | F999: 1 | G999: - | H999: - | I999: - | J999: =concatenate(C999,right(D999,4)) -> 박지영6373 | K999: =if(N999=0,"정상","중복") -> 정상 | L999: 35000 | M999: 35000 | N999: 0
A1000: 1259 | B1000: 2025. 12. 11. 00:01:13 | C1000: 나경희 | D1000: 010-6517-3088 | E1000: 570329 | F1000: 1 | G1000: - | H1000: - | I1000: - | J1000: =concatenate(C1000,right(D1000,4)) -> 나경희3088 | K1000: =if(N1000=0,"정상","중복") -> 정상 | L1000: 35000 | M1000: 35000 | N1000: 0
A1001: 1258 | B1001: 2025. 12. 11. 00:00:56 | C1001: 황연자 | D1001: 010-4548-7927 | E1001: 680103 | F1001: 1 | G1001: - | H1001: - | I1001: - | J1001: =concatenate(C1001,right(D1001,4)) -> 황연자7927 | K1001: =if(N1001=0,"정상","중복") -> 정상 | L1001: 35000 | M1001: 35000 | N1001: 0
A1002: 1257 | B1002: 2025. 12. 10. 23:55:19 | C1002: 김정화 | D1002: 010-9495-6109 | E1002: 640321 | F1002: 2 | G1002: 이경하 | H1002: 010-2123-6109 | I1002: 590627 | J1002: =concatenate(C1002,right(D1002,4)) -> 김정화6109 | K1002: =if(N1002=0,"정상","중복") -> 정상 | L1002: 70000 | M1002: 70000 | N1002: 0
A1003: 1256 | B1003: 2025. 12. 10. 23:54:37 | C1003: 정옥녀 | D1003: 010-9336-8291 | E1003: 540913 | F1003: 1 | G1003: - | H1003: - | I1003: - | J1003: =concatenate(C1003,right(D1003,4)) -> 정옥녀8291 | K1003: =if(N1003=0,"정상","중복") -> 정상 | L1003: 35000 | M1003: 35000 | N1003: 0
A1004: 1255 | B1004: 2025. 12. 10. 23:54:10 | C1004: 김미숙 | D1004: 010-2211-7611 | E1004: 600323 | F1004: 1 | G1004: - | H1004: - | I1004: - | J1004: =concatenate(C1004,right(D1004,4)) -> 김미숙7611 | K1004: =if(N1004=0,"정상","중복") -> 정상 | L1004: 35000 | M1004: 35000 | N1004: 0
A1005: 1254 | B1005: 2025. 12. 10. 23:53:50 | C1005: 신지우 | D1005: 010-4408-2577 | E1005: 650410 | F1005: 1 | G1005: - | H1005: - | I1005: - | J1005: =concatenate(C1005,right(D1005,4)) -> 신지우2577 | K1005: =if(N1005=0,"정상","중복") -> 정상 | L1005: 35000 | M1005: 35000 | N1005: 0
A1006: 1253 | B1006: 2025. 12. 10. 23:53:11 | C1006: 박현선 | D1006: 010-4632-0621 | E1006: 741109 | F1006: 1 | G1006: - | H1006: - | I1006: - | J1006: =concatenate(C1006,right(D1006,4)) -> 박현선0621 | K1006: =if(N1006=0,"정상","중복") -> 정상 | L1006: 35000 | M1006: 35000 | N1006: 0
A1007: 1252 | B1007: 2025. 12. 10. 23:52:51 | C1007: 김혜란 | D1007: 010-4744-2120 | E1007: 700313 | F1007: 1 | G1007: - | H1007: - | I1007: - | J1007: =concatenate(C1007,right(D1007,4)) -> 김혜란2120 | K1007: =if(N1007=0,"정상","중복") -> 정상 | L1007: 35000 | M1007: 35000 | N1007: 0
A1008: 1251 | B1008: 2025. 12. 10. 23:52:31 | C1008: 노영숙 | D1008: 010-3534-6512 | E1008: 580205 | F1008: 1 | G1008: - | H1008: - | I1008: - | J1008: =concatenate(C1008,right(D1008,4)) -> 노영숙6512 | K1008: =if(N1008=0,"정상","중복") -> 정상 | L1008: 35000 | M1008: 35000 | N1008: 0
A1009: 1250 | B1009: 2025. 12. 10. 23:52:06 | C1009: 경현옥 | D1009: 010-4114-7399 | E1009: 680930 | F1009: 2 | G1009: 박병은 | H1009: 010-3769-7399 | I1009: 680724 | J1009: =concatenate(C1009,right(D1009,4)) -> 경현옥7399 | K1009: =if(N1009=0,"정상","중복") -> 정상 | L1009: 70000 | M1009: 70000 | N1009: 0
...

Sheet 1.신청입금매칭표
A1: 거래일시 | B1: 적요 | C1: 보낸분/받는분 | D1: 중복여부 | E1: 환불필요액 | F1: 송금메세지 원본 | G1: 입금액 | H1: 거래점 | I1: 문의여부 | J1: 문의수 | K1: 메모 | L1: 정상여부 | M1: 중복여부 | N1: 환불요청있는지 | O1: 취소여부 | P1: 환불확정 | Q1: 환불은행 | R1: 환불계좌 | S1: 예금주
A2: 2025.12.7 9:13 | B2: 스마트입금 | C2: 가재연6413 | D2: =vlookup(C2,'1. 신청자리스트'!J:N,2,false) -> 정상 | E2: =if(D2="정상","",vlookup(C2,'1. 신청자리스트'!J:N,6,false)) | F2: 가재연6413 | G2: 70000 | H2: 돈암동
A3: 2025.12.7 9:21 | B3: 전자금융 | C3: 강권종2013 | D3: =vlookup(C3,'1. 신청자리스트'!J:N,2,false) -> 정상 | F3: 강권종 2013 | G3: 35000 | H3: 우체국
A4: 2025.12.7 9:17 | B4: 전자금융 | C4: 강금옥4252 | D4: =vlookup(C4,'1. 신청자리스트'!J:N,2,false) -> 정상 | F4: 강금옥4252 | G4: 35000 | H4: 카뱅
A5: 2025.12.7 9:10 | B5: 전자금융 | C5: 강기정0940 | D5: =vlookup(C5,'1. 신청자리스트'!J:N,2,false) -> 정상 | F5: 강기정0940 | G5: 70000 | H5: 우리은행
A6: 2025.12.7 9:09 | B6: FBS입금 | C6: 강두연1222 | D6: =vlookup(C6,'1. 신청자리스트'!J:N,2,false) -> 정상 | F6: 강두연1222 | G6: 35000 | H6: 임베디
A7: 2025.12.7 9:11 | B7: 전자금융 | C7: 강미식9365 | D7: =vlookup(C7,'1. 신청자리스트'!J:N,2,false) -> 정상 | F7: 강미식9365 | G7: 70000 | H7: 하나은행
A8: 2025.12.7 9:11 | B8: 전자금융 | C8: 강민정0333 | D8: =vlookup(C8,'1. 신청자리스트'!J:N,2,false) -> 정상 | F8: 강민정0333 | G8: 35000 | H8: 카뱅
A9: 2025.12.7 9:10 | B9: 전자금융 | C9: 강성미3448 | D9: =vlookup(C9,'1. 신청자리스트'!J:N,2,false) -> 정상 | F9: ㄱㅏㅇㅅㅓㅇㅁㅣ34 | G9: 70000 | H9: 농협
A10: 2025.12.7 9:07 | B10: 스마트입금 | C10: 강윤진3620 | D10: =vlookup(C10,'1. 신청자리스트'!J:N,2,false) -> 정상 | F10: 강윤진3620 | G10: 35000 | H10: 상일역
A11: 2025.12.7 9:30 | B11: 전자금융 | C11: 강의정3696 | D11: =vlookup(C11,'1. 신청자리스트'!J:N,2,false) -> 정상 | F11: 강의정3696 | G11: 70000 | H11: 토스뱅크
A12: 2025.12.7 9:20 | B12: 전자금융 | C12: 강정아4860 | D12: =vlookup(C12,'1. 신청자리스트'!J:N,2,false) -> 정상 | F12: 강정아 4860 | G12: 70000 | H12: 우리은행
A13: 2025.12.7 9:16 | B13: 전자금융 | C13: 강종오8620 | D13: =vlookup(C13,'1. 신청자리스트'!J:N,2,false) -> 정상 | F13: 강종오8620 | G13: 70000 | H13: 하나은행 | I13: =VLOOKUP(C13, '문의'!D:E, 2, FALSE) -> #N/A | J13: 010-8228-8620 | K13: 정상진행 | L13: 강종오 660306 01082288620 강현수 960303 01087018620 | M13: X | N13: O | O13: O
A14: 2025.12.7 9:17 | B14: 전자금융 | C14: 강창숙5339 | D14: =vlookup(C14,'1. 신청자리스트'!J:N,2,false) -> 정상 | F14: 강창숙 | G14: 35000 | H14: 새마을금
A15: 2025.12.7 9:12 | B15: 전자금융 | C15: 강철민6334 | D15: =vlookup(C15,'1. 신청자리스트'!J:N,2,false) -> 정상 | F15: 강철민 | G15: 35000 | H15: 하나은행
A16: 2025.12.7 10:46 | B16: 전자금융 | C16: 강태준8305 | D16: =vlookup(C16,'1. 신청자리스트'!J:N,2,false) -> 정상 | F16: 강태준8305 | G16: 70000 | H16: 카뱅
A17: 2025.12.7 9:12 | B17: 전자금융 | C17: 강평애6138 | D17: =vlookup(C17,'1. 신청자리스트'!J:N,2,false) -> 정상 | F17: 강평애 | G17: 35000 | H17: 농협
A18: 2025.12.7 9:10 | B18: 전자금융 | C18: 강향숙1335 | D18: =vlookup(C18,'1. 신청자리스트'!J:N,2,false) -> 정상 | F18: 강향숙1335 | G18: 35000 | H18: 하나은행
A19: 2025.12.7 9:09 | B19: 전자금융 | C19: 강현수8943 | D19: =vlookup(C19,'1. 신청자리스트'!J:N,2,false) -> 정상 | F19: 강현수8943 | G19: 35000 | H19: 우리은행
A20: 2025.12.7 9:11 | B20: 스마트입금 | C20: 강현정2457 | D20: =vlookup(C20,'1. 신청자리스트'!J:N,2,false) -> 정상 | F20: 강현정 | G20: 70000 | H20: 동부산
A21: 2025.12.7 9:30 | B21: 전자금융 | C21: 강혜선4230 | D21: =vlookup(C21,'1. 신청자리스트'!J:N,2,false) -> 정상 | F21: 강혜선4230 | G21: 35000 | H21: 우체국
A22: 2025.12.7 16:36 | B22: 전자금융 | C22: 강회숙9464 | D22: =vlookup(C22,'1. 신청자리스트'!J:N,2,false) -> 정상 | F22: 강회숙 | G22: 35000 | H22: 농협
A23: 2025.12.7 22:25 | B23: 전자금융 | C23: 강효란2399 | D23: =vlookup(C23,'1. 신청자리스트'!J:N,2,false) -> 정상 | F23: 강효란2399 | G23: 35000 | H23: 토스뱅크
A24: 2025.12.7 9:11 | B24: 전자금융 | C24: 강효승2597 | D24: =vlookup(C24,'1. 신청자리스트'!J:N,2,false) -> 정상 | F24: 강효승 2597 | G24: 35000 | H24: 아이엠뱅
A25: 2025.12.7 9:20 | B25: 전자금융 | C25: 경현옥7399 | D25: =vlookup(C25,'1. 신청자리스트'!J:N,2,false) -> 정상 | F25: 경현옥 | G25: 70000 | H25: 우리은행 | I25: =VLOOKUP(C25, '문의'!D:E, 2, FALSE) -> [취소/환불] 신청내역을 찾을수 없다고 하네요 입금내역 캡쳐를 해났는데 찾을수 업다니 취소 신청합니다 계좌번호 12805572012001 입니다 우리은행 경현옥 | J25: {=INDEX('문의'!C:C, MATCH(C25, '문의'!D:D, 0))} -> 1041147399 | K25: 정상진행 | L25: 경현옥 680930 01041147399 박병은 680724 01037697399
A26: 2025.12.7 9:10 | B26: 스마트입금 | C26: 고경숙5566 | D26: =vlookup(C26,'1. 신청자리스트'!J:N,2,false) -> 정상 | F26: 고경숙5566 | G26: 35000 | H26: 영등구
A27: 2025.12.7 9:11 | B27: 전자금융 | C27: 고미영3605 | D27: =vlookup(C27,'1. 신청자리스트'!J:N,2,false) -> 정상 | F27: 고미영3605 | G27: 70000 | H27: 우리은행
A28: 2025.12.7 9:07 | B28: 전자금융 | C28: 고민경6970 | D28: =vlookup(C28,'1. 신청자리스트'!J:N,2,false) -> 정상 | F28: 고민경6970 | G28: 70000 | H28: 우리은행
A29: 2025.12.7 9:10 | B29: FBS입금 | C29: 고순화5385 | D29: =vlookup(C29,'1. 신청자리스트'!J:N,2,false) -> 정상 | F29: 고순화5385 | G29: 70000 | H29: 임베디
A30: 2025.12.7 9:38 | B30: 전자금융 | C30: 고은주7534 | D30: =vlookup(C30,'1. 신청자리스트'!J:N,2,false) -> 정상 | F30: 고은주7544 | G30: 35000 | H30: 농협
A31: 2025.12.7 9:10 | B31: 스마트입금 | C31: 고은혜7179 | D31: =vlookup(C31,'1. 신청자리스트'!J:N,2,false) -> 정상 | F31: 고은혜7179 | G31: 70000 | H31: 김해
A32: 2025.12.7 9:29 | B32: 전자금융 | C32: 고인숙9527 | D32: =vlookup(C32,'1. 신청자리스트'!J:N,2,false) -> 정상 | F32: 고인숙 9527 | G32: 70000 | H32: 하나은행
A33: 2025.12.7 9:17 | B33: 스마트입금 | C33: 공나윤5944 | D33: =vlookup(C33,'1. 신청자리스트'!J:N,2,false) -> 정상 | F33: 공나윤5944 | G33: 70000 | H33: 약수역 | I33: =VLOOKUP(C33, '문의'!D:E, 2, FALSE) -> [취소/환불] 신청된줄 알고 입금했습니다 나중에 확인하니 안된거네요ㅜ 환불계좌 국민 347 21 0261 158 금액 70,000 원 | J33: {=INDEX('문의'!C:C, MATCH(C33, '문의'!D:D, 0))} -> 1087205944 | K33: 정상진행 | L33: 공나윤 570108 01087205944 공연숙 530122 01087936200
A34: 2025.12.7 9:19 | B34: 스마트입금 | C34: 곽소영5074 | D34: =vlookup(C34,'1. 신청자리스트'!J:N,2,false) -> 정상 | F34: 곽소영5074 | G34: 35000 | H34: 길동
A35: 2025.12.7 9:11 | B35: 전자금융 | C35: 곽순영4559 | D35: =vlookup(C35,'1. 신청자리스트'!J:N,2,false) -> 정상 | F35: 곽순영(곽순영) | G35: 35000 | H35: 신한은행
A36: 2025.12.7 9:24 | B36: 전자금융 | C36: 구명숙1447 | D36: =vlookup(C36,'1. 신청자리스트'!J:N,2,false) -> 정상 | F36: 구명숙1447 | G36: 35000 | H36: 우리은행
A37: 2025.12.7 9:09 | B37: 전자금융 | C37: 구본순8367 | D37: =vlookup(C37,'1. 신청자리스트'!J:N,2,false) -> 정상 | F37: 구본순8367 | G37: 35000 | H37: 하나은행
A38: 2025.12.7 9:14 | B38: 전자금융 | C38: 권나희1900 | D38: =vlookup(C38,'1. 신청자리스트'!J:N,2,false) -> 정상 | F38: 권나희 | G38: 35000 | H38: 농협
A39: 2025.12.7 9:09 | B39: 스마트입금 | C39: 권미혜1965 | D39: =vlookup(C39,'1. 신청자리스트'!J:N,2,false) -> 정상 | F39: 권미혜1965 | G39: 70000 | H39: 동탄산
A40: 2025.12.7 9:14 | B40: 스마트입금 | C40: 권순모1100 | D40: =vlookup(C40,'1. 신청자리스트'!J:N,2,false) -> 정상 | F40: 권순모1100 | G40: 35000 | H40: 역삼동
A41: 2025.12.7 9:07 | B41: 전자금융 | C41: 권승용3962 | D41: =vlookup(C41,'1. 신청자리스트'!J:N,2,false) -> 정상 | F41: 권승용3962 | G41: 35000 | H41: 신한은행
A42: 2025.12.7 9:10 | B42: 전자금융 | C42: 권영숙6708 | D42: =vlookup(C42,'1. 신청자리스트'!J:N,2,false) -> 정상 | F42: 권영숙6708 | G42: 35000 | H42: 하나은행
A43: 2025.12.7 9:10 | B43: 전자금융 | C43: 권영숙9657 | D43: =vlookup(C43,'1. 신청자리스트'!J:N,2,false) -> 정상 | F43: 권영숙 (9657) | G43: 35000 | H43: 신한은행
A44: 2025.12.7 9:08 | B44: 전자금융 | C44: 권점순3662 | D44: =vlookup(C44,'1. 신청자리스트'!J:N,2,false) -> 정상 | F44: 권점순3662 | G44: 35000 | H44: 중소기업
A45: 2025.12.7 9:10 | B45: 전자금융 | C45: 권정기0733 | D45: =vlookup(C45,'1. 신청자리스트'!J:N,2,false) -> 정상 | F45: 권정기 0733 | G45: 35000 | H45: 경남은행
A46: 2025.12.7 9:09 | B46: 오픈뱅킹입금 | C46: 권현경9045 | D46: =vlookup(C46,'1. 신청자리스트'!J:N,2,false) -> 정상 | F46: 권현경 | G46: 35000 | H46: 카뱅 | K46: 문의607
A47: 2025.12.7 9:09 | B47: 전자금융 | C47: 권혜경4492 | D47: =vlookup(C47,'1. 신청자리스트'!J:N,2,false) -> 정상 | F47: 권혜경4492 | G47: 35000 | H47: 신한은행
A48: 2025.12.7 9:10 | B48: 전자금융 | C48: 권혜규9679 | D48: =vlookup(C48,'1. 신청자리스트'!J:N,2,false) -> 정상 | F48: 권혜규9679 | G48: 70000 | H48: 농협
A49: 2025.12.7 9:13 | B49: 전자금융 | C49: 권혜주7104 | D49: =vlookup(C49,'1. 신청자리스트'!J:N,2,false) -> 정상 | F49: 권혜주7104 | G49: 35000 | H49: 미래에셋
A50: 2025.12.7 9:19 | B50: 스마트입금 | C50: 권호정3047 | D50: =vlookup(C50,'1. 신청자리스트'!J:N,2,false) -> 정상 | F50: 권호정3047 | G50: 35000 | H50: 신논현
A51: 2025.12.7 9:11 | B51: 전자금융 | C51: 금동규2218 | D51: =vlookup(C51,'1. 신청자리스트'!J:N,2,false) -> 정상 | F51: 금동규2218 | G51: 70000 | H51: 농협
A52: 2025.12.7 9:09 | B52: 스마트입금 | C52: 기정연5480 | D52: =vlookup(C52,'1. 신청자리스트'!J:N,2,false) -> 정상 | F52: 기정연5480 | G52: 35000 | H52: 암사역
A53: 2025.12.7 9:14 | B53: 전자금융 | C53: 김가연2997 | D53: =vlookup(C53,'1. 신청자리스트'!J:N,2,false) -> 정상 | F53: 김가연2997 | G53: 35000 | H53: 농협
A54: 2025.12.7 9:35 | B54: 전자금융 | C54: 김가연9115 | D54: =vlookup(C54,'1. 신청자리스트'!J:N,2,false) -> 정상 | F54: 김가연9115 | G54: 70000 | H54: 우리은행
A55: 2025.12.7 9:10 | B55: 전자금융 | C55: 김갑례6061 | D55: =vlookup(C55,'1. 신청자리스트'!J:N,2,false) -> 정상 | F55: 김갑례6061 | G55: 70000 | H55: 신한은행
A56: 2025.12.7 9:09 | B56: 오픈뱅킹입금 | C56: 김경란6312 | D56: =vlookup(C56,'1. 신청자리스트'!J:N,2,false) -> 정상 | F56: 김경란 | G56: 35000 | H56: 카뱅
A57: 2025.12.7 9:09 | B57: 전자금융 | C57: 김경숙3178 | D57: =vlookup(C57,'1. 신청자리스트'!J:N,2,false) -> 정상 | F57: 김경숙3178 | G57: 35000 | H57: 신한은행
A58: 2025.12.7 9:13 | B58: 전자금융 | C58: 김경숙9191 | D58: =vlookup(C58,'1. 신청자리스트'!J:N,2,false) -> 정상 | F58: 김경숙9191 | G58: 35000 | H58: 신한은행
A59: 2025.12.7 9:12 | B59: 전자금융 | C59: 김경순7883 | D59: =vlookup(C59,'1. 신청자리스트'!J:N,2,false) -> 정상 | F59: 김경순 | G59: 70000 | H59: 농협
A60: 2025.12.7 9:40 | B60: 전자금융 | C60: 김경애4674 | D60: =vlookup(C60,'1. 신청자리스트'!J:N,2,false) -> 정상 | E60: =if(vlookup(C60,'문의'!D:D,1,false)=C60,"있음") -> 있음 | F60: 김경애4674 | G60: 35000 | H60: 하나은행 | I60: =VLOOKUP(C60, '문의'!D:E, 2, FALSE) -> [입금/결제] 입금자명에 오류가 있습니다. 김경애4674를 김경애로만 기입했습니다. 확인부탁합니다. | J60: {=INDEX('문의'!C:C, MATCH(C60, '문의'!D:D, 0))} -> 1045324674 | K60: 정상진행 | L60: 김경애 661225 01045324674
A61: 2025.12.7 9:09 | B61: 전자금융 | C61: 김경은3829 | D61: =vlookup(C61,'1. 신청자리스트'!J:N,2,false) -> 정상 | F61: 김경은3829 | G61: 35000 | H61: 농협
A62: 2025.12.7 9:08 | B62: 전자금융 | C62: 김경자5077 | D62: =vlookup(C62,'1. 신청자리스트'!J:N,2,false) -> 정상 | F62: 김경자5077 | G62: 70000 | H62: 농협
A63: 2025.12.7 9:10 | B63: 전자금융 | C63: 김경희1065 | D63: =vlookup(C63,'1. 신청자리스트'!J:N,2,false) -> 정상 | F63: 김경희1065 | G63: 35000 | H63: 우리은행
A64: 2025.12.7 9:15 | B64: 스마트입금 | C64: 김고은7622 | D64: =vlookup(C64,'1. 신청자리스트'!J:N,2,false) -> 정상 | F64: 김고은(7622) | G64: 35000 | H64: 화정역
A65: 2025.12.7 9:09 | B65: FBS입금 | C65: 김귀자2193 | D65: =vlookup(C65,'1. 신청자리스트'!J:N,2,false) -> 정상 | F65: 김귀자2193 | G65: 70000 | H65: 임베디
A66: 2025.12.8 3:05 | B66: 전자금융 | C66: 김규리9577 | D66: =vlookup(C66,'1. 신청자리스트'!J:N,2,false) -> 정상 | F66: 김규리9577 | G66: 35000 | H66: 우체국
A67: 2025.12.7 9:11 | B67: 전자금융 | C67: 김금랑0593 | D67: =vlookup(C67,'1. 신청자리스트'!J:N,2,false) -> 정상 | F67: 김금랑0593 | G67: 70000 | H67: 농협
A68: 2025.12.7 9:13 | B68: 전자금융 | C68: 김금순1724 | D68: =vlookup(C68,'1. 신청자리스트'!J:N,2,false) -> 정상 | F68: 김금순 | G68: 35000 | H68: 우리은행
A69: 2025.12.7 9:38 | B69: 전자금융 | C69: 김금자7785 | D69: =vlookup(C69,'1. 신청자리스트'!J:N,2,false) -> 정상 | F69: 김금자 | G69: 35000 | H69: 아이엠뱅
A70: 2025.12.7 9:12 | B70: 전자금융 | C70: 김길순0665 | D70: =vlookup(C70,'1. 신청자리스트'!J:N,2,false) -> 정상 | F70: 김길순0665 | G70: 35000 | H70: 하나은행
A71: 2025.12.7 9:13 | B71: 전자금융 | C71: 김나경0321 | D71: =vlookup(C71,'1. 신청자리스트'!J:N,2,false) -> 정상 | F71: 김나경0321 | G71: 70000 | H71: 케이뱅크
A72: 2025.12.7 9:08 | B72: 전자금융 | C72: 김나현9816 | D72: =vlookup(C72,'1. 신청자리스트'!J:N,2,false) -> 정상 | F72: 김나현9816 | G72: 35000 | H72: 카뱅
... A86: 2025.12.7 9:25 | B86: 전자금융 | C86: 김미라8670 | D86: =vlookup(C86,'1. 신청자리스트'!J:N,2,false) -> 정상 | F86: 김미라 | G86: 70000 | H86: 신한은행
A87: 2025.12.7 9:33 | B87: 전자금융 | C87: 김미숙7611 | D87: =vlookup(C87,'1. 신청자리스트'!J:N,2,false) -> 정상 | F87: 김미숙 7611 | G87: 35000 | H87: 우리은행 | I87: =VLOOKUP(C87, '문의'!D:E, 2, FALSE) -> [입금/결제] 신청자명-김미숙 연락처-010-2211-7611 입긍시점-2025,127 09시 33분 입긍자명-김미숙 | J87: {=INDEX('문의'!C:C, MATCH(C87, '문의'!D:D, 0))} -> 1022117611 | K87: 정상진행 | L87: 김미숙 600323 01022117611
A88: 2025.12.7 9:14 | B88: 전자금융 | C88: 김미숙7983 | D88: =vlookup(C88,'1. 신청자리스트'!J:N,2,false) -> 정상 | F88: 김미숙 | G88: 35000 | H88: 중소기업 | K88: 구제대상
A89: 2025.12.7 9:12 | B89: 전자금융 | C89: 김미승8337 | D89: =vlookup(C89,'1. 신청자리스트'!J:N,2,false) -> 정상 | F89: 김미승 | G89: 70000 | H89: 농협
A90: 2025.12.7 12:32 | B90: 전자금융 | C90: 김미옥0561 | D90: =vlookup(C90,'1. 신청자리스트'!J:N,2,false) -> 정상 | F90: 김미옥0561 | G90: 70000 | H90: 카뱅
A91: 2025.12.7 9:09 | B91: 전자금융 | C91: 김미정9788 | D91: =vlookup(C91,'1. 신청자리스트'!J:N,2,false) -> 정상 | F91: 김미정 | G91: 70000 | H91: 농협
A92: 2025.12.7 9:11 | B92: 전자금융 | C92: 김미진7739 | D92: =vlookup(C92,'1. 신청자리스트'!J:N,2,false) -> 정상 | F92: 김미진 | G92: 35000 | H92: 신한은행
A93: 2025.12.7 9:13 | B93: 전자금융 | C93: 김미희6092 | D93: =vlookup(C93,'1. 신청자리스트'!J:N,2,false) -> 정상 | F93: 김미희6092 | G93: 70000 | H93: 농협
A94: 2025.12.7 9:11 | B94: 전자금융 | C94: 김미희8992 | D94: =vlookup(C94,'1. 신청자리스트'!J:N,2,false) -> 정상 | F94: 김미희8992 | G94: 70000 | H94: 하나은행
A95: 2025.12.7 9:09 | B95: 전자금융 | C95: 김민건7828 | D95: =vlookup(C95,'1. 신청자리스트'!J:N,2,false) -> 정상 | F95: 김민건7828 | G95: 35000 | H95: 카뱅
A96: 2025.12.7 9:08 | B96: 전자금융 | C96: 김민선5236 | D96: =vlookup(C96,'1. 신청자리스트'!J:N,2,false) -> 정상 | F96: 김민선 | G96: 35000 | H96: 농협
A97: 2025.12.7 9:15 | B97: 전자금융 | C97: 김민성8136 | D97: =vlookup(C97,'1. 신청자리스트'!J:N,2,false) -> 정상 | F97: 김민성8136 | G97: 35000 | H97: 신한은행
A98: 2025.12.7 9:28 | B98: 전자금융 | C98: 김민숙2146 | D98: =vlookup(C98,'1. 신청자리스트'!J:N,2,false) -> 정상 | F98: 김민숙2146 | G98: 35000 | H98: 농협
A99: 2025.12.7 9:37 | B99: 전자금융 | C99: 김민지8124 | D99: =vlookup(C99,'1. 신청자리스트'!J:N,2,false) -> 정상 | F99: 김민지8124 | G99: 70000 | H99: 신한은행
A100: 2025.12.7 9:13 | B100: 전자금융 | C100: 김민지8930 | D100: =vlookup(C100,'1. 신청자리스트'!J:N,2,false) -> 정상 | F100: 김민지8930 | G100: 70000 | H100: 토스뱅크
... A172: 2025.12.7 9:14 | B172: 전자금융 | C172: 김인자1303 | D172: =vlookup(C172,'1. 신청자리스트'!J:N,2,false) -> 정상 | F172: 김인자1303 | G172: 35000 | H172: 중소기업
A173: 2025.12.7 9:25 | B173: 전자금융 | C173: 김인혜0306 | D173: =vlookup(C173,'1. 신청자리스트'!J:N,2,false) -> 정상 | F173: 김인혜0306 | G173: 35000 | H173: 신한은행 | I173: =VLOOKUP(C173, '문의'!D:E, 2, FALSE) -> [취소/환불] 분명1차접수라고 했는데 증거사진을 안 남긴게 아쉽네요,,, 환불계좌 신한은행 110 244 927617 김인혜 35,000 | J173: {=INDEX('문의'!C:C, MATCH(C173, '문의'!D:D, 0))} -> 1035660306 | K173: 정상진행 | L173: 김인혜 650306 01035660306
A174: 2025.12.7 9:25 | B174: 전자금융 | C174: 김재순5218 | D174: =vlookup(C174,'1. 신청자리스트'!J:N,2,false) -> 정상 | F174: 김재순5218 | G174: 35000 | H174: 카뱅
A175: 2025.12.7 16:21 | B175: 스마트입금 | C175: 김재철2369 | D175: =vlookup(C175,'1. 신청자리스트'!J:N,2,false) -> 정상 | F175: 김재철2369 | G175: 35000 | H175: 서잠실
A176: 2025.12.7 9:14 | B176: 전자금융 | C176: 김정미1814 | D176: =vlookup(C176,'1. 신청자리스트'!J:N,2,false) -> 정상 | F176: 김정미1814 | G176: 70000 | H176: 신한은행
A177: 2025.12.7 9:33 | B177: 전자금융 | C177: 김정선1004 | D177: =vlookup(C177,'1. 신청자리스트'!J:N,2,false) -> 정상 | F177: 김정선1004 | G177: 35000 | H177: 토스뱅크
A178: 2025.12.7 9:12 | B178: 전자금융 | C178: 김정숙0365 | D178: =vlookup(C178,'1. 신청자리스트'!J:N,2,false) -> 정상 | F178: 김정숙 0365 | G178: 70000 | H178: 하나은행
A179: 2025.12.7 9:44 | B179: 전자금융 | C179: 김정숙9159 | D179: =vlookup(C179,'1. 신청자리스트'!J:N,2,false) -> 정상 | F179: 김정숙 9159 | G179: 70000 | H179: 신한은행 | P179: 환불해야함(지은아님에게 환불)
A180: 2025.12.7 9:10 | B180: 전자금융 | C180: 김정숙9582 | D180: =vlookup(C180,'1. 신청자리스트'!J:N,2,false) -> 정상 | F180: 김정숙9582 | G180: 35000 | H180: 우리은행
A181: 2025.12.7 16:25 | B181: 전자금융 | C181: 김정안8760 | D181: =vlookup(C181,'1. 신청자리스트'!J:N,2,false) -> 정상 | F181: 김정안8760 | G181: 35000 | H181: 카뱅
A182: 2025.12.7 9:45 | B182: 전자금융 | C182: 김정화6109 | D182: =vlookup(C182,'1. 신청자리스트'!J:N,2,false) -> 정상 | F182: 김정화010-949 | G182: 70000 | H182: 하나은행 | I182: =VLOOKUP(C182, '문의'!D:E, 2, FALSE) -> [정보변경] 김정화 01094956109 이경하 01021236109(동반자) 신청확인시 동반자이름과 전번 쓸 시간이없었습니다. | J182: {=INDEX('문의'!C:C, MATCH(C182, '문의'!D:D, 0))} -> 1094956109 | K182: 정상진행 | L182: 김정화 640321 01094956109 이경하 590627 01021236109
A183: 2025.12.7 9:11 | B183: 스마트입금 | C183: 김정희9101 | D183: =vlookup(C183,'1. 신청자리스트'!J:N,2,false) -> 정상 | F183: 김정희9101 | G183: 70000 | H183: 천호역
A184: 2025.12.7 9:11 | B184: 전자금융 | C184: 김제니3130 | D184: =vlookup(C184,'1. 신청자리스트'!J:N,2,false) -> 정상 | F184: 김제니3130 | G184: 70000 | H184: 하나은행
...

Sheet 환불유령
A1: 거래일시 | B1: 적요 | C1: 보낸분/받는분 | D1: 송금메세지 원본 | E1: 입금액 | F1: 거래점 | G1: 전화번호 | H1: 메모 | I1: 환불확정 | J1: 환불은행 | K1: 환불계좌 | L1: 예금주
A2: 2025.12.7 9:13 | B2: FBS입금 | C2: 이경희3632 | D2: 이경희 | E2: 70000 | F2: 임베디 | G2: 1062843632 | H2: 환불신청 | I2: 70000 | J2: 신한은행 | K2: 110-182-225880 | L2: 이경희
A3: 2025.12.7 9:15 | B3: 전자금융 | C3: 김지원0505 | D3: 김지원 | E3: 70000 | F3: 토스뱅크 | G3: 1037660505 | H3: 환불신청 | I3: 70000 | J3: 대구은행 | K3: 139-08-002728 | L3: 김지원
A4: 2025.12.7 10:00 | B4: 전자금융 | C4: 최영신7030 | D4: 최영신7030 | E4: 70000 | F4: 농협 | G4: {=INDEX('문의'!C:C, MATCH(C4, '문의'!D:D, 0))} -> 1062497030 | H4: 환불신청 | I4: 70000 | J4: 농협은행 | K4: 82507252143737 | L4: 최영신
A5: 2025.12.7 9:11 | B5: 전자금융 | C5: 목진숙9465 | D5: 목진숙 | E5: 35000 | F5: 우리은행 | G5: 010-8907-9465 | H5: 환불신청 | I5: 35000 | J5: 우리은행 | K5: 29126620402001 | L5: 목진숙
A6: 2025.12.7 9:13 | B6: 전자금융 | C6: 하대호0480 | D6: 하대호0480 | E6: 70000 | F6: 중소기업 | G6: {=INDEX('문의'!C:C, MATCH(C6, '문의'!D:D, 0))} -> 1023650480 | H6: 환불신청 | I6: 70000 | J6: 우리은행 | K6: 1002143653378 | L6: 하대호
A7: 2025.12.7 9:11 | B7: 전자금융 | C7: 김경축4234 | D7: 깅경축4234 | E7: 70000 | F7: 농협 | G7: {=INDEX('문의'!C:C, MATCH(C7, '문의'!D:D, 0))} -> 1038884234 | H7: 환불신청 | I7: 70000 | J7: 농협은행 | K7: 20701352036741 | L7: 김경축
A8: 2025.12.7 9:22 | B8: 스마트입금 | C8: 안수진2502 | D8: =vlookup(C8,'1. 신청자리스트'!J:J,1,false) -> #N/A | E8: 70000 | F8: 동마산 | G8: {=INDEX('문의'!C:C, MATCH(C8, '문의'!D:D, 0))} -> 1041832502 | H8: 환불신청 | I8: 70000 | J8: 국민은행 | K8: 84400101571139 | L8: 안수진
A9: 2025.12.7 9:47 | B9: 전자금융 | C9: 김순아4577 | D9: 김순아 | E9: 35000 | F9: 신한은행 | G9: 1074504577 | H9: 환불신청 | I9: 35000 | J9: 신한은행 | K9: 110 341 754202 | L9: 김순아
A10: 2025.12.7 9:15 | B10: 스마트입금 | C10: 김종석2572 | D10: 김종석 | E10: 35000 | F10: 원주종 | G10: 010-4411-2572 | H10: 환불신청 | I10: 35000 | J10: 국민은행 | K10: 30380104099047 | L10: 김종석
A11: 2025.12.7 9:23 | B11: 전자금융 | C11: 양영주6549 | D11: 양영주6549 | E11: 35000 | F11: 우리은행 | G11: {=INDEX('문의'!C:C, MATCH(C11, '문의'!D:D, 0))} -> 1029786549 | H11: 환불신청 | I11: 35000 | J11: 우리은행 | K11: 1002-455-337917 | L11: 양영주
A12: 2025.12.7 9:34 | B12: 전자금융 | C12: 신귀순7188 | D12: 신귀순 | E12: 35000 | F12: 신한은행 | G12: {=INDEX('문의'!C:C, MATCH(C12, '문의'!D:D, 0))} -> 1086827188 | H12: 환불신청 | I12: 35000 | J12: 신한은행 | K12: 390-02-236862 | L12: 신귀순
A13: 2025.12.7 9:44 | B13: 전자금융 | C13: 이지영2400 | D13: 이지영2400 | E13: 70000 | F13: 농협 | G13: {=INDEX('문의'!C:C, MATCH(C13, '문의'!D:D, 0))} -> 1088912400 | H13: 환불신청 | I13: 70000 | J13: 농협 | K13: 351-0800-4754-63 | L13: 이지영
A14: 2025.12.7 9:08 | B14: 전자금융 | C14: 황우건1142 | D14: 황우건 | E14: 70000 | F14: 하나은행 | G14: {=INDEX('문의'!C:C, MATCH(C14, '문의'!D:D, 0))} -> 1077761142 | H14: 환불신청 | I14: 70000 | J14: 신한은행 | K14: 110-311-586382 | L14: 황우건
A15: 2025.12.7 9:08 | B15: 전자금융 | C15: 한훈6285 | D15: 한훈 | E15: 70000 | F15: 카뱅 | G15: {=INDEX('문의'!C:C, MATCH(C15, '문의'!D:D, 0))} -> 1038936285 | H15: 환불신청 | I15: 70000 | J15: 카카오뱅크 | K15: 3333038062377 | L15: 한훈
A16: 2025.12.7 9:13 | B16: 스마트입금 | C16: 이지현1846 | D16: 이지현 | E16: 60000 | F16: 상계역 | G16: {=INDEX('문의'!C:C, MATCH(C16, '문의'!D:D, 0))} -> 1037511846 | H16: 환불신청 | I16: 60000 | J16: KB국민은행 | K16: 353210016572 | L16: 이지현
A17: 2025.12.7 9:13 | B17: 전자금융 | C17: 조정희1020 | D17: 조정희 | E17: 35000 | F17: 하나은행 | G17: 010-8787-1020 | H17: 환불신청 | I17: 35000 | J17: 하나은행 | K17: 10989032816807 | L17: 조정희
A18: 2025.12.7 9:08 | B18: 전자금융 | C18: 홍수민7173 | D18: 홍수민 | E18: 35000 | F18: 농협 | G18: {=INDEX('문의'!C:C, MATCH(C18, '문의'!D:D, 0))} -> 1044027173 | H18: 환불신청 | I18: 35000 | J18: 농협은행 | K18: 3521665822603 | L18: 홍수민
A19: 2025.12.7 9:09 | B19: 인터넷입금이체 | C19: 김수진1210 | D19: 7940-0104- | E19: 35000 | F19: 방이역 | G19: 1053471210 | H19: 환불신청 | I19: 35000 | J19: 국민은행 | K19: 83630204225260 | L19: 김수진
A20: 2025.12.7 9:09 | B20: 전자금융 | C20: 이현진4548 | D20: 이현진 | E20: 35000 | F20: 토스뱅크 | G20: 1052864548 | H20: 환불신청 | I20: 35000 | J20: 국민은행 | K20: 34490104102263 | L20: 이현진
A21: 2025.12.7 9:10 | B21: 전자금융 | C21: 장현주0255 | D21: 장현주0255 | E21: 70000 | F21: 신한은행 | G21: {=INDEX('문의'!C:C, MATCH(C21, '문의'!D:D, 0))} -> 1099150255 | H21: 환불신청 | I21: 70000 | J21: 국민은행 | K21: 05321 0514 175 | L21: 장현주
A22: 2025.12.7 9:11 | B22: 전자금융 | C22: 김인숙6492 | D22: 김인숙6492 | E22: 70000 | F22: 우체국 | G22: {=INDEX('문의'!C:C, MATCH(C22, '문의'!D:D, 0))} -> 1089396492 | H22: 환불신청 | I22: 70000 | J22: 우체국 | K22: 1391202384007 | L22: 주영선
A23: 2025.12.7 9:11 | B23: 전자금융 | C23: 이형순8371 | D23: 이형순8371 | E23: 70000 | F23: 토스뱅크 | G23: {=INDEX('문의'!C:C, MATCH(C23, '문의'!D:D, 0))} -> 1089068371 | H23: 환불신청 | I23: 70000 | J23: 국민은행 | K23: 58540101426589 | L23: 이형순
A24: 2025.12.7 9:11 | B24: 전자금융 | C24: 장시아6446 | D24: 장시아 | E24: 70000 | F24: 중소기업 | G24: {=INDEX('문의'!C:C, MATCH(C24, '문의'!D:D, 0))} -> 1063976446 | H24: 환불신청 | I24: 70000 | J24: 기업은행 | K24: 20601857901052 | L24: 장시아
A25: 2025.12.7 9:12 | B25: 전자금융 | C25: 이금주6975 | D25: 이금주6975 | E25: 70000 | F25: 우리은행 | G25: 010-5326-6975 | H25: 환불신청 | I25: 70000 | J25: 신한은행 | K25: 55004451102 | L25: 이금주
A26: 2025.12.7 9:12 | B26: 전자금융 | C26: 조성식9450 | D26: 조성식9450 | E26: 35000 | F26: 우리은행 | G26: 010-6409-9450 | H26: 환불신청 | I26: 35000 | J26: 우리은행 | K26: 1002030414253 | L26: 조성식
A27: 2025.12.7 9:13 | B27: 전자금융 | C27: 김기선8430 | D27: 김기선8430 | E27: 35000 | F27: 카뱅 | G27: 010-9392-8430 | H27: 환불신청 | I27: 35000 | J27: 카카오뱅크 | K27: 3333287689323 | L27: 김기선
A28: 2025.12.7 9:15 | B28: 전자금융 | C28: 최윤지니엘5967 | D28: 최윤지니엘5967 | E28: 70000 | F28: 신한은행 | G28: 010-5485-5967 | H28: 환불신청 | I28: 70000 | J28: 신한은행 | K28: 110430843476 | L28: 장승희
A29: 2025.12.7 9:17 | B29: 전자금융 | C29: 서순임6148 | D29: 서순임 | E29: 35000 | F29: 농협 | G29: 010-7648-6148 | H29: 환불신청 | I29: 35000 | J29: 농협은행 | K29: 93712304335 | L29: 서순임
A30: 2025.12.7 9:21 | B30: 전자금융 | C30: 이현정1023 | D30: 이현정1023 | E30: 70000 | F30: 하나은행 | G30: {=INDEX('문의'!C:C, MATCH(C30, '문의'!D:D, 0))} -> 1046261023 | H30: 환불신청 | I30: 70000 | J30: 하나은행 | K30: 56291003492707 | L30: 이현정
A31: 2025.12.7 9:26 | B31: 스마트입금 | C31: 조은영6110 | D31: 조은영 | E31: 70000 | F31: 신정네 | G31: 010-2705-6110 | H31: 환불신청 | I31: 70000 | J31: 하나은행 | K31: 90491012445307 | L31: 조은영
A32: 2025.12.7 9:50 | B32: 전자금융 | C32: 함은순7393 | D32: 함은순7393 | E32: 140000 | F32: 아이엠뱅 | G32: {=INDEX('문의'!C:C, MATCH(C32, '문의'!D:D, 0))} -> 1066877393 | H32: 환불신청 | I32: 140000 | J32: im뱅크 | K32: 213 13 098764 | L32: 함은순
A33: 2025.12.7 9:10 | B33: 전자금융 | C33: 신세라2129 | D33: 신세라2129 | E33: 35000 | F33: 신한은행 | H33: 환불신청 | I33: 35000 | J33: 신한 | K33: 110 052 059479 | L33: 신세라
A34: 2025.12.7 9:13 | B34: 전자금융 | C34: 김호정4210 | D34: 김호정4210 | E34: 35000 | F34: 신한은행 | H34: 환불신청 | I34: 35000 | J34: 신한 | K34: 110434236960 | L34: 김호정
A35: 2025.12.7 9:15 | B35: 전자금융 | C35: 황정은5567 | D35: 황정은5567 | E35: 70000 | F35: 중소기업 | G35: 전화번호 찾을 수 없음 | I35: 70000
A36: 2025.12.7 9:39 | B36: 전자금융 | C36: 황희숙4316 | D36: 황희숙4316 | E36: 70000 | F36: 우체국 | G36: 전화번호 찾을 수 없음 | I36: 70000
A37: 2025.12.7 10:16 | B37: 전자금융 | C37: 이선자1675 | D37: 이선자1675 | E37: 35000 | F37: 농협 | G37: 전화번호 찾을 수 없음 | I37: 35000
A38: 2025.12.7 9:18 | B38: 오픈뱅킹입금 | C38: 김운자3029 | D38: 3029김운자 | E38: 35000 | F38: 농협 | G38: 전화번호 찾을 수 없음 | I38: 35000
A39: 2025.12.7 9:19 | B39: 전자금융 | C39: 김옥선2783 | D39: 김옥선 2783 | E39: 70000 | F39: 하나은행 | G39: 전화번호 찾을 수 없음 | I39: 70000
A40: 2025.12.7 9:09 | B40: FBS입금 | C40: 이지인 | D40: 이지인 | E40: 70000 | F40: 임베디 | G40: 전화번호 찾을 수 없음 | I40: 70000
A41: 2025.12.7 9:19 | B41: 전자금융 | D41: 김순옥 | E41: 35000 | F41: 농협 | G41: 전화번호 찾을 수 없음 | I41: 35000
A42: 2025.12.7 9:20 | B42: 스마트입금 | D42: 김미혜 | E42: 35000 | F42: 화곡동 | G42: 전화번호 찾을 수 없음 | I42: 35000
A43: 2025.12.7 9:20 | B43: 스마트입금 | C43: 이영자 | D43: 이영자 | E43: 35000 | F43: 스타뱅 | G43: 전화번호 찾을 수 없음 | I43: 35000
A44: 2025.12.7 9:30 | B44: 전자금융 | C44: 전정희 | D44: 전정희 | E44: 35000 | F44: 우리은행 | G44: 전화번호 찾을 수 없음 | I44: 35000
A45: 2025.12.9 0:06 | C45: 최진화5546 | D45: 최진화5546 | E45: 35000 | G45: 전화번호 찾을 수 없음 | I45: 35000
A46: 2025.12.8 23:43 | C46: 현혜영5650 | D46: 현혜영5650 | E46: 35000 | G46: 전화번호 찾을 수 없음 | I46: 35000
A47: 2025.12.8 15:35 | C47: 손계영1214 | D47: 손계영1214 | E47: 35000 | G47: 전화번호 찾을 수 없음 | I47: 35000
C48: 하은숙5403 | D48: 하은숙5403 | E48: 35000 | G48: 전화번호 찾을 수 없음 | I48: 35000
C49: 한상언6103 | D49: 한상언6103 | E49: 70000 | G49: 전화번호 찾을 수 없음 | I49: 70000
C50: 엄나라0829 | D50: 엄나라0829 | E50: 35000 | G50: 전화번호 찾을 수 없음 | H50: 오픈이전 입금자 | I50: 35000

Sheet 미입금
A1: ID | B1: 신청일시 | C1: 이름 | D1: 전화번호 | E1: 생년월일(앞자리) | F1: 티켓수 | G1: 동반자 이름 | H1: 동반자 전화번호 | I1: 동반자 생년월일 | J1: 입금상태 | K1: 임시인덱스 | L1: 취소여부 | M1: 입금여부 | N1: 입금수 | O1: 문의여부 | P1: 문의수
A2: 1246 | B2: 2025. 12. 07. 09:08:14 | C2: 이건로 | D2: 010-4461-9060 | E2: 911124 | F2: 2 | G2: - | H2: - | I2: - | J2: 대기 | K2: =concatenate(C2,right(D2,4)) -> 이건로9060 | L2: #N/A | M2: =if(vlookup(K2,'1.신청입금매칭표'!C:C,1,false)="","","정상") -> #N/A
A3: 1233 | B3: 2025. 12. 07. 09:08:13 | C3: 정선화 | D3: 010-4150-4541 | E3: 670922 | F3: 2 | G3: - | H3: - | I3: - | J3: 대기 | K3: =concatenate(C3,right(D3,4)) -> 정선화4541 | L3: #N/A | M3: =if(vlookup(K3,'1.신청입금매칭표'!C:C,1,false)="","","정상") -> #N/A
A4: 1240 | B4: 2025. 12. 07. 09:08:13 | C4: 최원현 | D4: 010-3000-5125 | E4: 630403 | F4: 2 | G4: - | H4: - | I4: - | J4: 대기 | K4: =concatenate(C4,right(D4,4)) -> 최원현5125 | L4: #N/A | M4: =if(vlookup(K4,'1.신청입금매칭표'!C:C,1,false)="","","정상") -> #N/A
A5: 1241 | B5: 2025. 12. 07. 09:08:13 | C5: 최영숙 | D5: 010-8507-0427 | E5: 580427 | F5: 2 | G5: - | H5: - | I5: - | J5: 대기 | K5: =concatenate(C5,right(D5,4)) -> 최영숙0427 | L5: #N/A | M5: =if(vlookup(K5,'1.신청입금매칭표'!C:C,1,false)="","","정상") -> #N/A
A6: 1208 | B6: 2025. 12. 07. 09:08:11 | C6: 문춘옥 | D6: 010-3698-3207 | E6: 540518 | F6: 2 | G6: - | H6: - | I6: - | J6: 대기 | K6: =concatenate(C6,right(D6,4)) -> 문춘옥3207 | L6: #N/A | M6: =if(vlookup(K6,'1.신청입금매칭표'!C:C,1,false)="","","정상") -> #N/A
A7: 1201 | B7: 2025. 12. 07. 09:08:10 | C7: 오지수 | D7: 010-4567-1444 | E7: 920202 | F7: 2 | G7: - | H7: - | I7: - | J7: 대기 | K7: =concatenate(C7,right(D7,4)) -> 오지수1444 | L7: #N/A | M7: =if(vlookup(K7,'1.신청입금매칭표'!C:C,1,false)="","","정상") -> #N/A
A8: 1173 | B8: 2025. 12. 07. 09:08:08 | C8: 채정희 | D8: 010-7173-9327 | E8: 801126 | F8: 1 | G8: - | H8: - | I8: - | J8: 대기 | K8: =concatenate(C8,right(D8,4)) -> 채정희9327 | L8: #N/A | M8: =if(vlookup(K8,'1.신청입금매칭표'!C:C,1,false)="","","정상") -> #N/A
A9: 1186 | B9: 2025. 12. 07. 09:08:08 | C9: 박계숙 | D9: 010-9834-5220 | E9: 550128 | F9: 1 | G9: - | H9: - | I9: - | J9: 대기 | K9: =concatenate(C9,right(D9,4)) -> 박계숙5220 | L9: #N/A | M9: =if(vlookup(K9,'1.신청입금매칭표'!C:C,1,false)="","","정상") -> #N/A
A10: 1167 | B10: 2025. 12. 07. 09:08:07 | C10: 이미화 | D10: 010-4117-7853 | E10: 691001 | F10: 1 | G10: - | H10: - | I10: - | J10: 대기 | K10: =concatenate(C10,right(D10,4)) -> 이미화7853 | L10: #N/A | M10: =if(vlookup(K10,'1.신청입금매칭표'!C:C,1,false)="","","정상") -> #N/A
A11: 1155 | B11: 2025. 12. 07. 09:08:06 | C11: 이종훈 | D11: 010-9019-9333 | E11: 600910 | F11: 1 | G11: - | H11: - | I11: - | J11: 대기 | K11: =concatenate(C11,right(D11,4)) -> 이종훈9333 | L11: #N/A | M11: =if(vlookup(K11,'1.신청입금매칭표'!C:C,1,false)="","","정상") -> #N/A
A12: 1136 | B12: 2025. 12. 07. 09:08:05 | C12: 이수향 | D12: 010-6773-2173 | E12: 730923 | F12: 1 | G12: - | H12: - | I12: - | J12: 대기 | K12: =concatenate(C12,right(D12,4)) -> 이수향2173 | L12: #N/A | M12: =if(vlookup(K12,'1.신청입금매칭표'!C:C,1,false)="","","정상") -> #N/A
A13: 1090 | B13: 2025. 12. 07. 09:08:02 | C13: 김현숙 | D13: 018-3634-7037 | E13: 701010 | F13: 1 | G13: - | H13: - | I13: - | J13: 대기 | K13: =concatenate(C13,right(D13,4)) -> 김현숙7037 | L13: #N/A | M13: =if(vlookup(K13,'1.신청입금매칭표'!C:C,1,false)="","","정상") -> #N/A
... A31: 848 | B31: 2025. 12. 07. 09:07:47 | C31: 전주영 | D31: 010-6648-7099 | E31: 670115 | F31: 1 | G31: - | H31: - | I31: - | J31: 대기 | K31: =concatenate(C31,right(D31,4)) -> 전주영7099 | L31: #N/A | M31: =if(vlookup(K31,'1.신청입금매칭표'!C:C,1,false)="","","정상") -> #N/A
A32: 853 | B32: 2025. 12. 07. 09:07:47 | C32: 정현미 | D32: 010-6425-4577 | E32: 710822 | F32: 2 | G32: 이상범 | H32: 010-6430-4577 | I32: 701102 | J32: 대기 | K32: =concatenate(C32,right(D32,4)) -> 정현미4577 | L32: #N/A | M32: =if(vlookup(K32,'1.신청입금매칭표'!C:C,1,false)="","","정상") -> #N/A
A33: 841 | B33: 2025. 12. 07. 09:07:46 | C33: 박주희 | D33: 010-3795-7056 | E33: 690128 | F33: 1 | G33: - | H33: - | I33: - | J33: 대기 | K33: =concatenate(C33,right(D33,4)) -> 박주희7056 | L33: #N/A | M33: =if(vlookup(K33,'1.신청입금매칭표'!C:C,1,false)="","","정상") -> #N/A
A34: 808 | B34: 2025. 12. 07. 09:07:43 | C34: 장경숙 | D34: 010-8622-9446 | E34: 640911 | F34: 1 | G34: - | H34: - | I34: - | J34: 대기 | K34: =concatenate(C34,right(D34,4)) -> 장경숙9446 | L34: #N/A | M34: =if(vlookup(K34,'1.신청입금매칭표'!C:C,1,false)="","","정상") -> #N/A
A35: 777 | B35: 2025. 12. 07. 09:07:40 | C35: 민선희 | D35: 010-2552-4580 | E35: 670726 | F35: 2 | G35: - | H35: - | I35: - | J35: 대기 | K35: =concatenate(C35,right(D35,4)) -> 민선희4580 | L35: #N/A | M35: =if(vlookup(K35,'1.신청입금매칭표'!C:C,1,false)="","","정상") -> #N/A
A36: 782 | B36: 2025. 12. 07. 09:07:40 | C36: 김현삼 | D36: 010-9315-4648 | E36: 711103 | F36: 2 | G36: - | H36: - | I36: - | J36: 대기 | K36: =concatenate(C36,right(D36,4)) -> 김현삼4648 | L36: #N/A | M36: =if(vlookup(K36,'1.신청입금매칭표'!C:C,1,false)="","","정상") -> #N/A
A37: 759 | B37: 2025. 12. 07. 09:07:39 | C37: 박판수 | D37: 010-3872-1238 | E37: 561228 | F37: 2 | G37: - | H37: - | I37: - | J37: 대기 | K37: =concatenate(C37,right(D37,4)) -> 박판수1238 | L37: #N/A | M37: =if(vlookup(K37,'1.신청입금매칭표'!C:C,1,false)="","","정상") -> #N/A
A38: 771 | B38: 2025. 12. 07. 09:07:39 | C38: 김윤자 | D38: 010-5040-3029 | E38: 610303 | F38: 1 | G38: - | H38: - | I38: - | J38: 대기 | K38: =concatenate(C38,right(D38,4)) -> 김윤자3029 | L38: #N/A | M38: =if(vlookup(K38,'1.신청입금매칭표'!C:C,1,false)="","","정상") -> #N/A
A39: 772 | B39: 2025. 12. 07. 09:07:39 | C39: 배강욱 | D39: 010-9351-7436 | E39: 670706 | F39: 2 | G39: - | H39: - | I39: - | J39: 대기 | K39: =concatenate(C39,right(D39,4)) -> 배강욱7436 | L39: #N/A | M39: =if(vlookup(K39,'1.신청입금매칭표'!C:C,1,false)="","","정상") -> #N/A
A40: 774 | B40: 2025. 12. 07. 09:07:39 | C40: 노점숙 | D40: 010-3339-3839 | E40: 581025 | F40: 1 | G40: - | H40: - | I40: - | J40: 대기 | K40: =concatenate(C40,right(D40,4)) -> 노점숙3839 | L40: #N/A | M40: =if(vlookup(K40,'1.신청입금매칭표'!C:C,1,false)="","","정상") -> #N/A
A41: 752 | B41: 2025. 12. 07. 09:07:38 | C41: 문애순 | D41: 010-6287-8514 | E41: 590913 | F41: 2 | G41: - | H41: - | I41: - | J41: 대기 | K41: =concatenate(C41,right(D41,4)) -> 문애순8514 | L41: #N/A | M41: =if(vlookup(K41,'1.신청입금매칭표'!C:C,1,false)="","","정상") -> #N/A
A42: 725 | B42: 2025. 12. 07. 09:07:34 | C42: 권신자 | D42: 010-8627-0356 | E42: 650905 | F42: 2 | G42: - | H42: - | I42: - | J42: 대기 | K42: =concatenate(C42,right(D42,4)) -> 권신자0356 | L42: #N/A | M42: =if(vlookup(K42,'1.신청입금매칭표'!C:C,1,false)="","","정상") -> #N/A
A43: 691 | B43: 2025. 12. 07. 09:07:31 | C43: 두의정 | D43: 010-8733-6133 | E43: 650723 | F43: 2 | G43: - | H43: - | I43: - | J43: 대기 | K43: =concatenate(C43,right(D43,4)) -> 두의정6133 | L43: #N/A | M43: =if(vlookup(K43,'1.신청입금매칭표'!C:C,1,false)="","","정상") -> #N/A
A44: 696 | B44: 2025. 12. 07. 09:07:31 | C44: 서염미 | D44: 010-8958-9500 | E44: 480405 | F44: 1 | G44: - | H44: - | I44: - | J44: 대기 | K44: =concatenate(C44,right(D44,4)) -> 서염미9500 | L44: #N/A | M44: =if(vlookup(K44,'1.신청입금매칭표'!C:C,1,false)="","","정상") -> #N/A
A45: 688 | B45: 2025. 12. 07. 09:07:30 | C45: 최인숙 | D45: 010-2387-6577 | E45: 611005 | F45: 1 | G45: - | H45: - | I45: - | J45: 대기 | K45: =concatenate(C45,right(D45,4)) -> 최인숙6577 | L45: #N/A | M45: =if(vlookup(K45,'1.신청입금매칭표'!C:C,1,false)="","","정상") -> #N/A
A46: 650 | B46: 2025. 12. 07. 09:07:27 | C46: 공춘자 | D46: 010-5338-7373 | E46: 550829 | F46: 2 | G46: 황송민 | H46: 010-8945-7600 | I46: 530515 | J46: 대기 | K46: =concatenate(C46,right(D46,4)) -> 공춘자7373 | L46: #N/A | M46: =if(vlookup(K46,'1.신청입금매칭표'!C:C,1,false)="","","정상") -> #N/A
A47: 635 | B47: 2025. 12. 07. 09:07:26 | C47: 장혜원 | D47: 010-7287-5338 | E47: 591006 | F47: 2 | G47: - | H47: - | I47: - | J47: 대기 | K47: =concatenate(C47,right(D47,4)) -> 장혜원5338 | L47: #N/A | M47: =if(vlookup(K47,'1.신청입금매칭표'!C:C,1,false)="","","정상") -> #N/A
A48: 636 | B48: 2025. 12. 07. 09:07:26 | C48: 박진희 | D48: 010-4779-2845 | E48: 730825 | F48: 1 | G48: - | H48: - | I48: - | J48: 대기 | K48: =concatenate(C48,right(D48,4)) -> 박진희2845 | L48: #N/A | M48: =if(vlookup(K48,'1.신청입금매칭표'!C:C,1,false)="","","정상") -> #N/A
A49: 641 | B49: 2025. 12. 07. 09:07:26 | C49: 유기순 | D49: 010-3062-1719 | E49: 610302 | F49: 1 | G49: - | H49: - | I49: - | J49: 대기 | K49: =concatenate(C49,right(D49,4)) -> 유기순1719 | L49: #N/A | M49: =if(vlookup(K49,'1.신청입금매칭표'!C:C,1,false)="","","정상") -> #N/A
A50: 642 | B50: 2025. 12. 07. 09:07:26 | C50: 오권자 | D50: 010-2370-1521 | E50: 610826 | F50: 1 | G50: - | H50: - | I50: - | J50: 대기 | K50: =concatenate(C50,right(D50,4)) -> 오권자1521 | L50: #N/A | M50: =if(vlookup(K50,'1.신청입금매칭표'!C:C,1,false)="","","정상") -> #N/A
A51: 644 | B51: 2025. 12. 07. 09:07:26 | C51: 임숙자 | D51: 010-4588-7481 | E51: 621212 | F51: 1 | G51: - | H51: - | I51: - | J51: 대기 | K51: =concatenate(C51,right(D51,4)) -> 임숙자7481 | L51: #N/A | M51: =if(vlookup(K51,'1.신청입금매칭표'!C:C,1,false)="","","정상") -> #N/A
A52: 647 | B52: 2025. 12. 07. 09:07:26 | C52: 노용헌 | D52: 010-5917-0238 | E52: 800913 | F52: 2 | G52: - | H52: - | I52: - | J52: 대기 | K52: =concatenate(C52,right(D52,4)) -> 노용헌0238 | L52: #N/A | M52: =if(vlookup(K52,'1.신청입금매칭표'!C:C,1,false)="","","정상") -> #N/A
A53: 617 | B53: 2025. 12. 07. 09:07:23 | C53: 허옥조 | D53: 010-9481-7063 | E53: 650801 | F53: 1 | G53: - | H53: - | I53: - | J53: 대기 | K53: =concatenate(C53,right(D53,4)) -> 허옥조7063 | L53: #N/A | M53: =if(vlookup(K53,'1.신청입금매칭표'!C:C,1,false)="","","정상") -> #N/A
A54: 603 | B54: 2025. 12. 07. 09:07:21 | C54: 김순화 | D54: 010-1211-0936 | E54: 620707 | F54: 2 | G54: - | H54: - | I54: - | J54: 대기 | K54: =concatenate(C54,right(D54,4)) -> 김순화0936 | L54: #N/A | M54: =if(vlookup(K54,'1.신청입금매칭표'!C:C,1,false)="","","정상") -> #N/A
A55: 606 | B55: 2025. 12. 07. 09:07:21 | C55: 조영민 | D55: 010-3781-5274 | E55: 550731 | F55: 1 | G55: - | H55: - | I55: - | J55: 대기 | K55: =concatenate(C55,right(D55,4)) -> 조영민5274 | L55: #N/A | M55: =if(vlookup(K55,'1.신청입금매칭표'!C:C,1,false)="","","정상") -> #N/A
A56: 591 | B56: 2025. 12. 07. 09:07:20 | C56: 안순옥 | D56: 010-6399-3025 | E56: 671013 | F56: 1 | G56: - | H56: - | I56: - | J56: 대기 | K56: =concatenate(C56,right(D56,4)) -> 안순옥3025 | L56: #N/A | M56: =if(vlookup(K56,'1.신청입금매칭표'!C:C,1,false)="","","정상") -> #N/A
A57: 589 | B57: 2025. 12. 07. 09:07:19 | C57: 안순희 | D57: 010-3450-2985 | E57: 610225 | F57: 1 | G57: - | H57: - | I57: - | J57: 대기 | K57: =concatenate(C57,right(D57,4)) -> 안순희2985 | L57: #N/A | M57: =if(vlookup(K57,'1.신청입금매칭표'!C:C,1,false)="","","정상") -> #N/A
A58: 590 | B58: 2025. 12. 07. 09:07:19 | C58: 최귀숙 | D58: 010-3949-0012 | E58: 660128 | F58: 2 | G58: - | H58: - | I58: - | J58: 대기 | K58: =concatenate(C58,right(D58,4)) -> 최귀숙0012 | L58: #N/A | M58: =if(vlookup(K58,'1.신청입금매칭표'!C:C,1,false)="","","정상") -> #N/A
... A64: 424 | B64: 2025. 12. 07. 09:07:00 | C64: 이지선 | D64: 010-2081-7559 | E64: 750624 | F64: 1 | G64: - | H64: - | I64: - | J64: 대기 | K64: =concatenate(C64,right(D64,4)) -> 이지선7559 | L64: #N/A | M64: =if(vlookup(K64,'1.신청입금매칭표'!C:C,1,false)="","","정상") -> #N/A
A65: 427 | B65: 2025. 12. 07. 09:07:00 | C65: 정선태 | D65: 010-9530-4506 | E65: 650701 | F65: 2 | G65: 윤영숙 | H65: 010-9196-3304 | I65: 721205 | J65: 대기 | K65: =concatenate(C65,right(D65,4)) -> 정선태4506 | L65: #N/A | M65: =if(vlookup(K65,'1.신청입금매칭표'!C:C,1,false)="","","정상") -> #N/A
A66: 394 | B66: 2025. 12. 07. 09:06:57 | C66: 이정희 | D66: 010-5453-2671 | E66: 621020 | F66: 2 | G66: - | H66: - | I66: - | J66: 대기 | K66: =concatenate(C66,right(D66,4)) -> 이정희2671 | L66: #N/A | M66: =if(vlookup(K66,'1.신청입금매칭표'!C:C,1,false)="","","정상") -> #N/A
A67: 399 | B67: 2025. 12. 07. 09:06:57 | C67: 황의명 | D67: 010-3640-4115 | E67: 600906 | F67: 2 | G67: - | H67: - | I67: - | J67: 대기 | K67: =concatenate(C67,right(D67,4)) -> 황의명4115 | L67: #N/A | M67: =if(vlookup(K67,'1.신청입금매칭표'!C:C,1,false)="","","정상") -> #N/A
A68: 411 | B68: 2025. 12. 07. 09:06:57 | C68: 조현정 | D68: 010-4582-4733 | E68: 801102 | F68: 1 | G68: - | H68: - | I68: - | J68: 대기 | K68: =concatenate(C68,right(D68,4)) -> 조현정4733 | L68: #N/A | M68: =if(vlookup(K68,'1.신청입금매칭표'!C:C,1,false)="","","정상") -> #N/A
A69: 367 | B69: 2025. 12. 07. 09:06:53 | C69: 윤순자 | D69: 010-4948-4462 | E69: 600220 | F69: 2 | G69: - | H69: - | I69: - | J69: 대기 | K69: =concatenate(C69,right(D69,4)) -> 윤순자4462 | L69: #N/A | M69: =if(vlookup(K69,'1.신청입금매칭표'!C:C,1,false)="","","정상") -> #N/A
A70: 333 | B70: 2025. 12. 07. 09:06:51 | C70: 최준영 | D70: 010-6571-3335 | E70: 960201 | F70: 2 | G70: - | H70: - | I70: - | J70: 대기 | K70: =concatenate(C70,right(D70,4)) -> 최준영3335 | L70: #N/A | M70: =if(vlookup(K70,'1.신청입금매칭표'!C:C,1,false)="","","정상") -> #N/A
A71: 306 | B71: 2025. 12. 07. 09:06:45 | C71: 이영옥 | D71: 010-4149-4080 | E71: 530125 | F71: 1 | G71: - | H71: - | I71: - | J71: 대기 | K71: =concatenate(C71,right(D71,4)) -> 이영옥4080 | L71: #N/A | M71: =if(vlookup(K71,'1.신청입금매칭표'!C:C,1,false)="","","정상") -> #N/A
A72: 271 | B72: 2025. 12. 07. 09:06:37 | C72: 정루비 | D72: 010-2329-9605 | E72: 990127 | F72: 1 | G72: - | H72: - | I72: - | J72: 대기 | K72: =concatenate(C72,right(D72,4)) -> 정루비9605 | L72: #N/A | M72: =if(vlookup(K72,'1.신청입금매칭표'!C:C,1,false)="","","정상") -> #N/A
A73: 224 | B73: 2025. 12. 07. 09:06:21 | C73: 신미진 | D73: 010-2359-3265 | E73: 840419 | F73: 2 | G73: - | H73: - | I73: - | J73: 대기 | K73: =concatenate(C73,right(D73,4)) -> 신미진3265 | L73: #N/A | M73: =if(vlookup(K73,'1.신청입금매칭표'!C:C,1,false)="","","정상") -> #N/A
A74: 199 | B74: 2025. 12. 07. 09:06:10 | C74: 김민섭 | D74: 010-4676-5910 | E74: 870106 | F74: 1 | G74: - | H74: - | I74: - | J74: 대기 | K74: =concatenate(C74,right(D74,4)) -> 김민섭5910 | L74: #N/A | M74: =if(vlookup(K74,'1.신청입금매칭표'!C:C,1,false)="","","정상") -> #N/A
A75: 183 | B75: 2025. 12. 07. 09:06:07 | C75: 황미희 | D75: 010-9897-2766 | E75: 641121 | F75: 1 | G75: - | H75: - | I75: - | J75: 대기 | K75: =concatenate(C75,right(D75,4)) -> 황미희2766 | L75: #N/A | M75: =if(vlookup(K75,'1.신청입금매칭표'!C:C,1,false)="","","정상") -> #N/A
A76: 174 | B76: 2025. 12. 07. 09:06:06 | C76: 함형준 | D76: 010-3354-8595 | E76: 600430 | F76: 1 | G76: - | H76: - | I76: - | J76: 대기 | K76: =concatenate(C76,right(D76,4)) -> 함형준8595 | L76: #N/A | M76: =if(vlookup(K76,'1.신청입금매칭표'!C:C,1,false)="","","정상") -> #N/A
A77: 131 | B77: 2025. 12. 07. 09:02:12 | C77: 서순정 | D77: 010-5871-0683 | E77: 700305 | F77: 1 | G77: - | H77: - | I77: - | J77: 대기 | K77: =concatenate(C77,right(D77,4)) -> 서순정0683 | L77: #N/A | M77: =if(vlookup(K77,'1.신청입금매칭표'!C:C,1,false)="","","정상") -> #N/A
A78: 1059 | B78: 2025. 12. 07. 09:08:00 | C78: 이남애 | D78: 010-2327-6398 | E78: 741115 | F78: 2 | G78: 이남아 | H78: 010-9781-0991 | I78: 770815 | J78: - | K78: =concatenate(C78,right(D78,4)) -> 이남애6398 | L78: 대기 | M78: 미완료
A79: 989 | B79: 2025. 12. 07. 09:07:57 | C79: 길미 | D79: 010-2032-7345 | E79: 650409 | F79: 2 | G79: 김선경9395 | H79: 010-5553-9395 | I79: 670418 | J79: - | K79: =concatenate(C79,right(D79,4)) -> 길미7345 | L79: 대기 | M79: 미완료
A80: 439 | B80: 2025. 12. 07. 09:07:02 | C80: 노민영 | D80: 010-2992-6536 | E80: 610412 | F80: 1 | G80: - | H80: - | I80: - | J80: - | K80: =concatenate(C80,right(D80,4)) -> 노민영6536 | L80: 대기 | M80: 미완료
A81: 425 | B81: 2025. 12. 07. 09:07:00 | C81: 이지영 | D81: 010-8891-2400 | E81: 640201 | F81: 2 | G81: 이지현 | H81: 010-3751-1846 | I81: 611230 | J81: - | K81: =concatenate(C81,right(D81,4)) -> 이지영2400 | L81: 대기 | M81: 미완료

Sheet 문의
A1: 번호 | B1: 이름 | C1: 전화번호 | E1: 문의내용 | F1: 문의일시 | G1: 답변상태 | H1: 답변내용 | I1: 답변일시
A2: 1 | B2: 이지현 | C2: 1037511846 | D2: =concatenate(B2,right(C2,4)) -> 이지현1846 | E2: [취소/환불] 잘못입금하여 취소환불 부탁드립니다 [환불정보] 금액: 60000원 은행: KB국민은행 계좌: 353210016572 예금주: 이지현 | F2: 46000.245 | G2: 미답변
A3: 2 | B3: 맹태만 | C3: 1037340296 | D3: =concatenate(B3,right(C3,4)) -> 맹태만0296 | E3: [입금/결제] 좌석번호 아직 확정이 안된건가요? | F3: 46000.189 | G3: 미답변
A4: 3 | B4: 김해영 | C4: 1065562831 | D4: =concatenate(B4,right(C4,4)) -> 김해영2831 | E4: [입금/결제] 신청내역 확인에서 비밀번호 오류라고 뜨고 중복입금 환불절차도 안 보입니다. 01065562831로 전화부탁드립니다. | F4: 46000.107 | G4: 미답변
A5: 4 | B5: 이상희 | C5: 1092993732 | D5: =concatenate(B5,right(C5,4)) -> 이상희3732 | E5: [기타문의] 일요일 아침 9시부터 대기했는데 뭔가 오류였는지 계속 들어가지지않다가 끝나버렸어요.혹시 반자리나시면 을려주실수있으실까요? 부탁드립니당.. | F5: 46000.067 | G5: 미답변
A6: 5 | B6: 손병기 | C6: 1062666306 | D6: =concatenate(B6,right(C6,4)) -> 손병기6306 | E6: [기타문의] 배우자 이혜경 전화번호 010-6286-6721 생년월일 711021 배우자는 입금했습니다. 저의 신청은 취소 되었지만 화면에는 계속신청화면이 나옵니다. 그래서 배우자 화면에선 제가 주신청자라고 동반자 등록이 안되고 있습니다. | F6: 46000.03 | G6: 미답변
A7: 6 | B7: 김혜성 | C7: 1072110988 | D7: =concatenate(B7,right(C7,4)) -> 김혜성0988 | E7: [취소/환불] 중복 입금으로 환불 신청합니다 [환불정보] 금액: 35000원 은행: 신한은행 계좌: 110040164025 예금주: 김혜성 | F7: 46000.021 | G7: 미답변
A8: 7 | B8: 이미연 | C8: 1055119963 | D8: =concatenate(B8,right(C8,4)) -> 이미연9963 | E8: [입금/결제] 안녕하세요. 제가 원래 티켓팅 날에 신청 폼까지 완료했다다 오류가 나서 안됐는데, 혹시나 하고 ‘신청확인’을 여러 번 하였으나 (마감 이후로도 수시로 확인함ㅠㅠ) 신청된 내역이 없는 것을 확인하였습니다. 그런데 방금 혹시나 하고 또 확인해보니 신청내역과 계좌번호도 보이고 입금대기중이라고 뜨는데 신청이 된걸까요?ㅠㅠ 공지에 입금기한이 8일까지라 방금 확인해 입금을 못했는데, 시스템상의 오류인지 궁금해서 문의드립니다. 갑자기 떴지만, 이미 8일이 지났기 때문에 입금해도 안되고 2차 티켓팅을 기다려야 하는 거겠죠?ㅠㅠ 바쁘실텐데 답변주시면 감사하겠습니다. | F8: 46000.02 | G8: 미답변
A9: 8 | B9: 손영숙 | C9: 1020145896 | D9: =concatenate(B9,right(C9,4)) -> 손영숙5896 | E9: [기타문의] 취소요청 했는데 죄송합니다만 다시 취소안하면 안되는지요 혹시 환불 아직 안됐으니 그냥 두시면 안될까요 | F9: 46000.012 | G9: 미답변
A10: 9 | B10: 최은혜 | C10: 1043332348 | D10: =concatenate(B10,right(C10,4)) -> 최은혜2348 | E10: [정보변경] 동반인을 김현영으로 신청했으나 동행인을 변경하였는데(어제문의) 변경신청이 김현영이 아닌 다른 이름이 변경이 안되면 전번과 주민번호 변경만으로도 입장이 가능한가요?? 입장시 동반인 이름을 신분증으로 확인하고 입장하는건지요?? | F10: 45999.995 | G10: 미답변
A11: 10 | B11: 주현경 | C11: 1089230225 | D11: =concatenate(B11,right(C11,4)) -> 주현경0225 | E11: [정보변경] 동반자 변경부탁드립니당 630214 010 - 8984 - 0214 | F11: 45999.975 | G11: 답변완료 | H11: 동반자 정보 변경했습니다. 신청내역 확인 화면에서 확인하시기 바랍니다. | I11: 45999.98
A12: 11 | B12: 차현주 | C12: 1045121480 | D12: =concatenate(B12,right(C12,4)) -> 차현주1480 | E12: [정보변경] 답변주신내용 확인 후 다시 문의드립니다. 직접 정보변경이 안되서요. 이름 : 하예진 생년월일, 910215 전화번호, 01057951480 정보변경에 이용해주시기 바랍니다 감사합니다^^ | F12: 45999.955 | G12: 답변완료 | H12: 하예진님 정보입력 했습니다. 차현주님 신청내역 확인 화면에서 자세한 내용 확인하시기 바랍니다. | I12: 45999.958
A13: 12 | B13: 하대호 | C13: 1023650480 | D13: =concatenate(B13,right(C13,4)) -> 하대호0480 | E13: [기타문의] 일요일 신청완료에 흥분한 나머지 입금자명 하대호로 한번 하대호0480으로 또 한번 이중으로 출금을 했는데 나중에 알고보니 저희 엄마도 신청에 성공을 하셨더라구요. 근데 동반자 정보수정을 오늘 6시까지라고 하던데 이미 하대호 이름으로 동반자 등록이 된지라 다른 신청 정보로 중복 등록이 안된다면서 현재 수정을 하지 못한 상황입니다. 하대호 예매신청건은 현재 예매는 다른 분들 위해서 취소 및 환불절차 진행중입니다. 차현주 01045121480 예매성공한 다른 가족입니다. 꼭 참여하고 싶은데 예매성공에 입금도 마쳤는데 이대로 어찌되는건지... 너무 궁금합니다... 아 그리고 한가지 건의드리고 싶습니다. 어르신들도 계시고 저같은 경우가 없을거라 생각지 않으니까요 단 하루 기간동안 정보수정을 하는건 너무 촉박한것 아닌가라는 생각이 들어서 조심스레 말씀드려봅니다! 위 문의 내용 확인후 꼭 답변부탁드립니다 제발요 감사합니다! 수고하십시요 꼭 21일 킨텍스서 됩고 싶습니다!! | F13: 45999.95 | G13: 답변완료 | H13: 차현주 신청 확인됩니다. 자세한 내용은 차현주 신청내역 확인 화면에서 확인하시기 바랍니다. | I13: 45999.956
A14: 13 | B14: 임순빈 | C14: 1050334525 | D14: =concatenate(B14,right(C14,4)) -> 임순빈4525 | E14: [취소/환불] 요청하신대로 작성했습니다. 입금시각은 12/7 09:28:58 입니다 [환불정보] 금액: 35000원 은행: SC제일은행 계좌: 10020221890 예금주: 임순빈 | F14: 45999.935 | G14: 답변완료 | H14: 확인했습니다. 다만, 환불 진행에 시간이 걸림을 양해 부탁드립니다. | I14: 45999.949
A15: 14 | B15: 김미 | C15: 1080220409 | D15: =concatenate(B15,right(C15,4)) -> 김미0409 | E15: [취소/환불] 죄송합니다. 남편이 같이 못가게 됐습니다. 한국 친구를 대신하는게 공정하지 않는거 같아서 그냥 1명을 취소합니다. 번거롭게해서 다시 한번 죄송합니다. 너무 좋아서 입가에 미소가 떠나질 않아요 ㅎㅎ 그리고 부탁드리고 싶은게 있는데요! 큐알코드가 제 폰으로 잘 안올거같아요! 한국폰이지만 일본이어서 문자 안올때가 많아요 ㅠㅠ 친구 휴대폰으로도 보내주시면 감사하겠습니다!! 01033012130(송희영) [환불정보] 금액: 35000원 은행: NH농협은행 계좌: 89512234855 예금주: 김미 | F15: 45999.886 | G15: 답변완료 | H15: 동반자 취소 하였습니다(2인신청 -> 1인신청) 환불 정보 확인하였습니다. 환불 처리에 시간이 걸림을 이해 부탁드립니다. QR 코드를 미리 보내지 않고 현장에서 확인할 예정입니다. 신분증과 핸드폰 지참 부탁드립니다. | I15: 45999.952
A16: 15 | B16: 박선화 | C16: 1081085598 | D16: =concatenate(B16,right(C16,4)) -> 박선화5598 | E16: [입금/결제] 박선화01081085598 12월7일 9시15분 입금완료 입금자명 박선화 | F16: 45999.884 | G16: 미답변
A17: 16 | B17: 한명실 | C17: 1090267644 | D17: =concatenate(B17,right(C17,4)) -> 한명실7644 | E17: [입금/결제] 중복 입금으로 계좌번호 남겨달라는 답변 받았습니다 기업(한명실) 377 030347 02 014 | F17: 45999.858 | G17: 답변완료 | H17: 확인했습니다. 다만 환불 처리에는 시간이 걸리는 점 양해 부탁드립니다. | I17: 45999.863
A18: 17 | B18: 한명실 | C18: 1090267644 | D18: =concatenate(B18,right(C18,4)) -> 한명실7644 | E18: [입금/결제] 입금은 바로 했는데 아직도 입금 대기.좌석대기로 뜨네요 입금은 됐는지 좌석은 배정된게 맞는지 답답하네요 더구나 2인 신청이라 같이 가실 분 스케줄 조정도 필요해서요 | F18: 45999.857 | G18: 답변완료 | H18: 현재 입금 확인중이라, 입금 대기로 나오는 것이 정상입니다. 입금 확인이 완료되면, 정보가 변경될 것입니다. 또한 좌석은 추후 배정될 것이니, 양해 부탁드립니다. | I18: 45999.939
A19: 18 | B19: 오효근 | C19: 1042276604 | D19: =concatenate(B19,right(C19,4)) -> 오효근6604 | E19: [정보변경] 대표 참여자 오효근 010 -4227-6604 ~ 동반자 정보 등록 전화번호 정정요청 신세라 010-9062-2126 이 아니고 010-9062-2129 으로 정정 요청드립니다(끝번호 9로 정정 요청) 고맙습니다 | F19: 45999.85 | G19: 답변완료 | H19: 정보 변경했습니다. 오효근님 신청내역 확인 화면에서 확인 부탁 드립니다. | I19: 45999.864
A20: 19 | B20: 권나희 | C20: 1088451900 | D20: =concatenate(B20,right(C20,4)) -> 권나희1900 | E20: [입금/결제] 1인 신청자입니다. 7일 신청햏는데 조회상 아직도 입금대기라고 뜨네요. 입금때 마음이 급해서 휴대폰 끝자리 1900을 쓰지 못해서 아직도 입금대기로 뜨는걸까요? 기다립니다. 권나희입니다 | F20: 45999.849 | G20: 답변완료 | H20: 현재 입금 확인중입니다. 추후 시스템에 반영이 완료되면 변동 예정입니다. 참고 부탁드립니다. | I20: 45999.865
A21: 20 | B21: 주현경 | C21: 1089230225 | D21: =concatenate(B21,right(C21,4)) -> 주현경0225 | E21: [정보변경] 동반자 변경하려고하는데 마감됏다고 나와요 어떻게하죠ㅠ | F21: 45999.845 | G21: 답변완료 | H21: 동반자 이름 변경은 원칙적으로 불가합니다. 전화번호/생년월일 변경만 가능합니다. 필요하시면, 문의 주시기 바랍니다. | I21: 45999.94
A22: 21 | B22: 김하나 | C22: 1063210794 | D22: =concatenate(B22,right(C22,4)) -> 김하나0794 | E22: [정보변경] 그럼 신청자 아니면 못가는건가요? 제가 큐알코드 받고 엄마가 대신 가는건 안되는건가요? | F22: 45999.812 | G22: 답변완료 | H22: 입장시 신분증과 입력된 정보가 일치해야 합니다. 앙해 부탁드립니다. | I22: 45999.828
A23: 22 | B23: 강경희 | C23: 1076573075 | D23: =concatenate(B23,right(C23,4)) -> 강경희3075 | E23: [취소/환불] 중복입긍환불신청합니다.대표신청인이 입금했는데 동반입장인이 중복입금한 상황입니다 [환불정보] 금액: 70000원 은행: 카카오뱅크 계좌: 3333218403973 예금주: 강경희 | F23: 45999.81 | G23: 답변완료 | H23: 현재 강경화님 동반 참석자 정보가 미입력 상태라, 중복 입금 확인이 어렵습니다. 우선 동반 참석자 정보를 입력하시고, 환불 요청을 다시 주시면 진행해 드리겠습니다. 강경화님 신청내역 확인 화면에서 동반 참석자 정보 입력 가능합니다(조치해 두었습니다) 진행하시고, 다시 문의주시면 감사하겠습니다. | I23: 45999.839
A24: 23 | B24: 이상열 | C24: 1026276052 | D24: =concatenate(B24,right(C24,4)) -> 이상열6052 | E24: [기타문의] 양도 여부 알려주세요!! 또 당일 가서 여기에 답변 받았는데 현장은 답변과 다르게 움직이고 이러면 안되니 공지 좀 하세요!! 충분히 나 올 예측 가능한 일 입니다.!! | F24: 45999.808 | G24: 답변완료 | H24: 양도는 불가합니다. 우려하시는 점 충분히 이해합니다. 참고하겠습니다. | I24: 45999.84
A25: 24 | B25: 김하나 | C25: 1063210794 | D25: =concatenate(B25,right(C25,4)) -> 김하나0794 | E25: [정보변경] 신청자 이름 변경해주시는 건가요?? 문의 드렸는데 답변이 없으시네요ㅜㅜ | F25: 45999.801 | G25: 답변완료 | H25: 원칙적으로 신청자 이름은 변경이 불가합니다. 양해 부탁드립니다. | I25: 45999.805
A26: 25 | B26: 김설자 | C26: 1091663415 | D26: =concatenate(B26,right(C26,4)) -> 김설자3415 | E26: [기타문의] 신청은 25.12.07 09:07분에 신청완료 했어요. 나이가 든 탓에 좌석배정이 늦어져 걱정됩니다. | F26: 45999.8 | G26: 미답변
A27: 26 | B27: 문채영 | C27: 1023590417 | D27: =concatenate(B27,right(C27,4)) -> 문채영0417 | E27: [입금/결제] 금일 11시 50분경 문채영0417 입금했습니다.. 아직 신청완료 상태가 되지않았는데.. 확인 부탁드립니다.. | F27: 45999.797 | G27: 답변완료 | H27: 현재 입금 확인중입니다. 추후 완료되면 신청내역 화면에서 확인 가능합니다. 참고 부탁드립니다. | I27: 45999.806
A28: 27 | B28: 김설자 | C28: 1091663415 | D28: =concatenate(B28,right(C28,4)) -> 김설자3415 | E28: [기타문의] 신청완료후 입금처리 되었는데요. 아직도 모두 대기로 떠있네요. | F28: 45999.797 | G28: 답변완료 | H28: 입금해주신 분들은 현재 입금 확인이 진행중이라, '입금대기'로 표시되는 것이 정상입니다. 입금데이터 확인 후 별도 공지 예정입니다 | I28: 45999.806
A29: 28 | B29: 나경희 | C29: 1065173088 | D29: =concatenate(B29,right(C29,4)) -> 나경희3088 | E29: [취소/환불] 어제 신청 접수 됐는 줄 알고 국민은행 윤석만 계좌로 입금 했는데 환불 부탁드립니다 [환불정보] 금액: 35000원 은행: 신한은행 계좌: 110213760202 예금주: 나경희 | F29: 45999.758 | G29: 답변완료 | H29: 확인했습니다. 다만 환불 처리에 시간이 걸리는 점 양해 부탁드립니다. | I29: 45999.808
A30: 29 | B30: 설다은 | C30: 1048925070 | D30: =concatenate(B30,right(C30,4)) -> 설다은5070 | E30: [기타문의] 2차모집도 열리나요? 만약 다시 열린다면 언제 가능한지 문의드립니다. | F30: 45999.744 | G30: 답변완료 | H30: 현재 확인중입니다. 혹, 2차 모집이 실시 되면 별도 공지할 예정입니다. | I30: 45999.747
A31: 30 | B31: 지은아 | C31: 1055313799 | D31: =concatenate(B31,right(C31,4)) -> 지은아3799 | E31: [취소/환불] 번거롭게 해드려서 죄송합니다 690830 지은아 [환불정보] 금액: 35000-60000원 은행: 카카오뱅크 계좌: 3333091258281 예금주: 지은아 | F31: 45999.743 | G31: 미답변
A32: 31 | B32: 김정화 | C32: 1094956109 | D32: =concatenate(B32,right(C32,4)) -> 김정화6109 | E32: [정보변경] 김정화 01094956109 이경하 01021236109(동반자) 신청확인시 동반자이름과 전번 쓸 시간이없었습니다. | F32: 45999.728 | G32: 미답변
A33: 32 | B33: 나경희 | C33: 1065173088 | D33: =concatenate(B33,right(C33,4)) -> 나경희3088 | E33: [취소/환불] 안녕하세요 신청이 되었다고 떠서 입금했는데 오류였나보네요 환불부탁드려요 [환불정보] 금액: 35000원 은행: 신한은행 계좌: 110213760202 예금주: 나경희 | F33: 45999.728 | G33: 답변완료 | H33: 확인했습니다. 다만 환불 처리에 시간이 걸린다는 점 미리 말씀드립니다. 양해 부탁드립니다. | I33: 45999.744
A34: 33 | B34: 안은숙 | C34: 1028045404 | D34: =concatenate(B34,right(C34,4)) -> 안은숙5404 | E34: [취소/환불] 중복입금 환불창이 활성화 되지 않습니다 ( 3회 입금해서 2회 환불 받아야 하는데, 1회 환불 처리 중이라 그런듯 합니다) 09 :11 안은숙 5404 환불해 주세요 계좌번호는 다음과 같습니다 기업은행 335 002855 03 018 안은숙 입니다 | F34: 45999.725 | G34: 답변완료 | H34: 확인했습니다. 다만 환불 처리에 시간이 걸리는 점 양해 부탁드립니다. | I34: 45999.746
A35: 34 | B35: 나경희 | C35: 1065173088 | D35: =concatenate(B35,right(C35,4)) -> 나경희3088 | E35: [입금/결제] 어제 신청접수 된 줄 알고 3시32분27초에 국민은행 윤석만 계좌로 35000원 입금 했는데 환불 받을려면 어떻게 해야 하나요? 아직 답변이 없어 다시 보냅니다 | F35: 45999.724 | G35: 미답변
A36: 35 | B36: 박서윤 | C36: 1050399373 | D36: =concatenate(B36,right(C36,4)) -> 박서윤9373 | E36: [정보변경] 안녕하세요. 처음 안내에서 동반인 바꿀수 있다 해서. 동반인 바꾸려나 이름 바꿀수 없다하고. 주민 번호와 전번만 바꿀수 있다는 안내가 있는데. 그럼 동인 이름과 주민번호 대조 후 일치 해야 하나요? 아니면 동반인 이름은 못 바꾸니 그냥 두고 전번과 주민 번호만으로 입장 가능한가요? | F36: 45999.723 | G36: 답변완료 | H36: 입장시 신분증과 입력 정보가 동일해야 합니다. 참고 부탁드립니다. | I36: 45999.753
A37: 36 | B37: 서동미 | C37: 1032596212 | D37: =concatenate(B37,right(C37,4)) -> 서동미6212 | E37: [기타문의] 왜 계속 입금대기라고 뜰까요? | F37: 45999.722 | G37: 답변완료 | H37: 입금해주신 분들은 현재 입금 확인이 진행중이라, '입금대기'로 표시되는 것이 정상입니다. 입금데이터 확인 후 별도 공지 예정입니다 | I37: 45999.811
A38: 37 | B38: 김정화 | C38: 1094956109 | D38: =concatenate(B38,right(C38,4)) -> 김정화6109 | E38: [입금/결제] 신청확인후 입금완료했는데 신청내역 확인불가입니다. 오늘8일(18:00) 까지 문의하라고 공지ㅜ보고 연락합니다. 김정화, 01094956109 하나은행(김정화) 입금시점9:45 | F38: 45999.718 | G38: 미답변
A39: 38 | B39: 김나영 | C39: 1052325712 | D39: =concatenate(B39,right(C39,4)) -> 김나영5712 | E39: [입금/결제] 2인티켓 신청해서 7만원을 입금해야하는데 3만5천원씩 입금해서 입금확인시 확인부탁드립니다. 김나영 5712 09:15:45 김옥선 5943 09:18:26 따로 입금함. 중복아니고..환불 받을건없습니다 혹시라도 잘못될까봐 걱정이라서요ㅜ | F39: 45999.715 | G39: 답변완료 | H39: 확인했습니다. | I39: 45999.755
A40: 39 | B40: 문현주 | C40: 1063165693 | D40: =concatenate(B40,right(C40,4)) -> 문현주5693 | E40: [기타문의] 동반자 등록하려고 하는데 주신청자라서 등록이 안된다고 하는데 어떻게 해야 하나요 함정순 620819입니다 | F40: 45999.714 | G40: 답변완료 | H40: 대표 신청자 문현주님에게 한정순님을 동반 참석자로 등록했습니다. 신청 내역 확인에서 확인 부탁드립니다. | I40: 45999.783
A41: 40 | B41: 신지우 | C41: 1044082577 | D41: =concatenate(B41,right(C41,4)) -> 신지우2577 | E41: [입금/결제] 12월7일 9시27분 입금(신지우) 01044082577 | F41: 45999.711 | G41: 미답변
A42: 41 | B42: 이복남 | C42: 1025417212 | D42: =concatenate(B42,right(C42,4)) -> 이복남7212 | E42: [취소/환불] 예약불발이고해서 환불요청합니다 [환불정보] 금액: 35000원 은행: 우리은행 계좌: 04714260912001 예금주: 이복남 | F42: 45999.709 | G42: 답변완료 | H42: 확인했습니다. 다만 환불에 시간이 걸리는 점 양해 부탁드립니다. | I42: 45999.77
A43: 42 | B43: 추민지 | C43: 1077368663 | D43: =concatenate(B43,right(C43,4)) -> 추민지8663 | E43: [입금/결제] 12.8 오후5시기준 아직 입금대기중인건 정상적인거죠?? | F43: 45999.708 | G43: 답변완료 | H43: 네 정상입니다. 전체 입금 확인 후, 변경될 것입니다. | I43: 45999.769
A44: 43 | B44: 조수빈 | C44: 1036548610 | D44: =concatenate(B44,right(C44,4)) -> 조수빈8610 | E44: [취소/환불] 환불받을 계좌 : 국민은행 7027-0101-656-969 받는사람 : 조수빈 금액 : 7만원 (6만원,1만원 어제 두번 입금함)-아침9시16분과 9시29분) 메모에 황은옥8084 메모했습니다 취소,환불해주세요 | F44: 45999.698 | G44: 답변완료 | H44: 확인했습니다. 다만 환불에 시간이 걸리는 점 양해 부탁드립니다. | I44: 45999.774
A45: 44 | B45: 김정화 | C45: 1094956109 | D45: =concatenate(B45,right(C45,4)) -> 김정화6109 | E45: [입금/결제] 김정화, 010 9495 6109 하나은행(김정화) 입금시점(?) 은 9:45.. | F45: 45999.694 | G45: 미답변
A46: 45 | B46: 황은옥 | C46: 1090588084 | D46: =concatenate(B46,right(C46,4)) -> 황은옥8084 | E46: [취소/환불] 환불받을 계좌 : 국민은행 7027-0101-656-969 받는사람 : 조수빈 금액 : 7만원 (6만원,1만원 어제 두번 입금함) 메모에 황은옥8084 메모했습니다 취소,환불해주세요 | F46: 45999.689 | G46: 답변완료 | H46: 확인 했습니다. 다만 환불 처리에 시간이 걸리는 점 양해 부탁드립니다. | I46: 45999.775
A47: 46 | B47: 김숙현 | C47: 1092546863 | D47: =concatenate(B47,right(C47,4)) -> 김숙현6863 | E47: [기타문의] 2차 신청은 언제로 예정되어 있나요? | F47: 45999.689 | G47: 답변완료 | H47: 현재 확인중입니다. 혹 2차 모집을 하게 되면 별도 공지 드리겠습니다. | I47: 45999.775
A48: 47 | B48: 안은숙 | C48: 1028044540 | D48: =concatenate(B48,right(C48,4)) -> 안은숙4540 | E48: [취소/환불] 환불창이 활성화 되지 않습니다 09 : 11 안은숙5404 환불이 필요합니다 (09:09분과 중복입금) 환불계좌는 기업은행 335 002855 03 018 안은숙 입니다 | F48: 45999.687 | G48: 답변완료 | H48: 확인했습니다. 다만 환불 처리에 시간이 걸리는 점 양해 부탁드립니다. | I48: 45999.79
A49: 48 | B49: 임순빈 | C49: 1050334525 | D49: =concatenate(B49,right(C49,4)) -> 임순빈4525 | E49: [기타문의] 환불신청을 했어요 답변대로 확인 했으나 "신청내역을 확인할 수 없습니다" 만 뜨고 하단아래 드래그를 할 수 없게 나옵니다. 그냥 거기에 머물러 있습니다. 환불하기가 안나오니 방법이 없네요. 빠른 조치 부탁드립니다. | F49: 45999.685 | G49: 답변완료 | H49: 환불을 위해, 성함, 연락처, 요청금액, 은행, 계좌번호, 예금주 정보를 남겨 주시기 바랍니다. | I49: 45999.786
A50: 49 | B50: 정소연 | C50: 1032191531 | D50: =concatenate(B50,right(C50,4)) -> 정소연1531 | E50: [기타문의] 메인에 결제취소 가능기한은 14일로 되어 있던데 그때까지 동반자 포함 본인 2명 취소가 가능하다는건지 아니면 본인만 그 기한까지지 취소이고 동반자는 오늘 꼭 취소해야 하는 것인지 알 수 있을까요? | F50: 45999.683 | G50: 답변완료 | H50: 전체 취소/부분 취소 모두 직접 하실 생각이시면 오늘 18시까지 신청내역 화면에서 가능합니다. 오늘 18시 이후~14일중 취소를 원하시면, 문의하기를 통해 요청 주시면 됩니다 | I50: 46000.003
A51: 50 | B51: 주광옥 | C51: 1022265676 | D51: =concatenate(B51,right(C51,4)) -> 주광옥5676 | E51: [취소/환불] 당첨으로뜨니 입금까지하였는데 동반자취소를하니 제가 확인이 안되네요, 7일오전 9시 18분 주광옥(5676) 2인 6만원 확인바랍니다, | F51: 45999.683 | G51: 미답변
A52: 51 | B52: 서동미 | C52: 1032596212 | D52: =concatenate(B52,right(C52,4)) -> 서동미6212 | E52: [취소/환불] 하단에서 환불 1회건 신청했어요. 그리고 확인하기 들어가면 아직도 입금대기라고 뜨네요. ㅠ | F52: 45999.659 | G52: 답변완료 | H52: 입금 확인 작업 진행중이라, 현재 임금 대기가 정상입니다. 추후 변경될 예정이오니, 참고 부탁드립니다. | I52: 45999.788
A53: 52 | B53: 서동미 | C53: 1032596212 | D53: =concatenate(B53,right(C53,4)) -> 서동미6212 | E53: [취소/환불] 첫번째 입금할때 서동미 라고만 적어서 입금했어요. 문의사항에 들어가니 서동미6212로 입금하라고 되어있어서 다시 입금했어요. 두번 입금 되었으니 한건은 환불해 주셔야 합니다. 번거롭게 해드려 죄송합니다. ^^ | F53: 45999.654 | G53: 미답변
A54: 53 | B54: 손명윤 | C54: 1090188301 | D54: =concatenate(B54,right(C54,4)) -> 손명윤8301 | E54: [기타문의] 2차 예약 계획은 없는겁니까요 | F54: 45999.65 | G54: 답변완료 | H54: 현재 확인중입니다. 혹 2차 모집을 하면, 별도 공지 드리겠습니다. 감사합니다. | I54: 45999.793
A55: 54 | B55: 서우주 | C55: 1040234973 | D55: =concatenate(B55,right(C55,4)) -> 서우주4973 | E55: [정보변경] 신청 취소가 제대로 반영되지 않아 동반자 정보에 제대로 된 전화번호를 기입할 수가 없습니다ㅠ… 확인 부탁드립니다 | F55: 45999.645 | G55: 답변완료 | H55: 변경하고자 하시는 동반자 정보를 구체적으로 남겨주시기 바랍니다. 확인후 진행해 드리겠습니다. | I55: 45999.795
A56: 55 | B56: 주광옥 | C56: 1022265676 | D56: =concatenate(B56,right(C56,4)) -> 주광옥5676 | E56: [입금/결제] 2명 6만원 입금했는데 신청내역에 없습니다 주광옥 1인이라도 신청해주십시요 | F56: 45999.645 | G56: 미답변
A57: 56 | B57: 주광옥 | C57: 1022265676 | D57: =concatenate(B57,right(C57,4)) -> 주광옥5676 | E57: [취소/환불] 환불요청 농협, 302-0304-4992-41 주광옥(5676) 6만원 | F57: 45999.643 | G57: 미답변
A58: 57 | B58: 지은아 | C58: 1055313799 | D58: =concatenate(B58,right(C58,4)) -> 지은아3799 | E58: [취소/환불] 두번입금 한순실로 동반2인 6만원 지은아3799-35000 한순실1123-35000 카카오뱅크 3333.09.1258281 | F58: 45999.641 | G58: 미답변
A59: 58 | B59: 박승혜 | C59: 1087136217 | D59: =concatenate(B59,right(C59,4)) -> 박승혜6217 | E59: [입금/결제] 박승혜6217 이름으로 입금했는데 아직도 입금대기에 좌석배정이 안됐습니다 언제쯤 참석확정이 되나요? | F59: 45999.639 | G59: 답변완료 | H59: 답변드립니다. 현재 시스템 데이터 처리중입니다. 추후,일괄 처리 될 예정입니다. 감사합니다. | I59: 45999.647
A60: 59 | B60: 김령지 | C60: 1052900860 | D60: =concatenate(B60,right(C60,4)) -> 김령지0860 | E60: [기타문의] 안녕하세요 문의드려요 제가 기차를 타고 가야는데 토콘이 5시정도에 끝난다는 회원분 말을 자게에 올려진거 보고 알았는데 미리 기차표예약을 해서요 다 끝나려면 5시정도라 생각하면 될까요? 그리고 혹시나 대표님이 사진도 찍어주시는 시간도 있나요 저는 처음뵙거든요 대표님.. 이글은 한컷에 캡쳐해서 따로 안올릴겁니다 바쁘신데 답글해주셔서 감사합니다 | F60: 45999.639 | G60: 답변완료 | H60: 아직 프로그램 시간은 공표되지 않았습니다. 현장에서 공표될 예정입니다. | I60: 45999.812
A61: 60 | B61: 황은옥 | C61: 1090588084 | D61: =concatenate(B61,right(C61,4)) -> 황은옥8084 | E61: [취소/환불] 어제 아침 9시 16분과 29분에 각각 6만원 1만원 총 7만원 입금했습니다 환불해주세요 메모에 (황은옥 8084) 2건이고 계좌는 국민은행 7027-0101-656-969 에서 이체했습니다 계좌주는 조수빈입니다 | F61: 45999.638 | G61: 미답변
A62: 61 | B62: 이유주 | C62: 1071380037 | D62: =concatenate(B62,right(C62,4)) -> 이유주0037 | E62: [정보변경] 죄송해서 딱 죽고 싶습니다. 제 전번을 잘 못 적을 일이 없다고..단정하고 확인을 안했는데..제가 010 7138 0037 인데 01071380837로 동반자손정애1926 정말 미치고 팔딱 뛸 거 같습니다. 입금은 이유주로 9시 14분에 했습니다.. *결론은 제 번호가 잘못 입력 되었다는 겁니다. 01071380037 제 전번 입니다. | F62: 45999.636 | G62: 답변완료 | H62: 이유주님 전화번호 뒷자리를 0837--> 0037로 변경해 드리겠습니다. 추후 신청내역에서 확인 부탁드립니다. | I62: 45999.821
A63: 62 | B63: 서동미 | C63: 1032596212 | D63: =concatenate(B63,right(C63,4)) -> 서동미6212 | E63: [취소/환불] 계좌번호 농협 서동미 197-12-143736 입니다. | F63: 45999.626 | G63: 답변완료 | H63: 신청자내역에 계십니다. 환불요청 하시면 신청 취소 되실수 있습니다. 사이트 내 하단에 신청 내역 확인 버튼 클릭 후 전화번호 11자리를 입력해주세요. 그리고 조회하기 버튼을 누르시면 관련 내용을 확인 가능합니다. 하단에 드래그해서 내려보시면 중복입금/환불신청 칸이 있습니다. 관련 정보 기입 후 "환불 신청하기"를 누르시면 확인 후 일괄처리 해드리겠습니다. 감사합니다. | I63: 45999.642
A64: 63 | B64: 서동미 | C64: 1032596212 | D64: =concatenate(B64,right(C64,4)) -> 서동미6212 | E64: [취소/환불] 처음 입금할 때 서동미 이름만 적었기에 두번째는서동미6212로 다시 입금했습니다. 처음 입금한 금액 환불해주세요. 죄송합니다. ^^ | F64: 45999.625 | G64: 답변완료 | H64: 사이트 내 하단에 신청 내역 확인 버튼 클릭 후 전화번호 11자리를 입력해주세요. 그리고 조회하기 버튼을 누르시면 관련 내용을 확인 가능합니다. 하단에 드래그해서 내려보시면 중복입금/환불신청 칸이 있습니다. 관련 정보 기입 후 "환불 신청하기"를 누르시면 확인 후 일괄처리 해드리겠습니다. 감사합니다. | I64: 45999.633
A65: 64 | B65: 진라희 | C65: 1085573114 | D65: =concatenate(B65,right(C65,4)) -> 진라희3114 | E65: [정보변경] 담당자님!!! 동반자 전번이 오기되어 직접 수정을 어제부터 지금까지 수십번 했으나, 수정이 안됩니다. 동반자를 변경하는 게 아니라 동반자 전번 끝4자리 순서를 틀리게 입력해서 동반자는 보내주시려는 QR코드를 받을 수가 없게 됐어요. 대표신청자는[진라희]+동반자명은 [이현정]으로 동일한 사람이고, 전화번호만 변경하면 되는데, "전번 변경 불가"라고 자꾸 나오니 해결 부탁드립니다. 동반자명을 변경하려는 게 아니라, 동반자의 전화번호만 변경해야 하는데, 그게 안된다고요. 계속 같은 답변('직접 수정하라')만 주시니 답답합니다. 시스템이 문제인 것 같은데, 언제까지 기다리면 되는 건지, 일간 따로 연락을 주실 건지, 구체적으로 알려주세요. 빠른 회신 부탁드립니다!!!!! | F65: 45999.62 | G65: 답변완료 | H65: 답변드립니다. 현재 시스템 데이터 처리중입니다. 꼭 필요한 경우 연락드릴 예정입니다. 감사합니다. | I65: 45999.636
A66: 65 | B66: 서동미 | C66: 1032596212 | D66: =concatenate(B66,right(C66,4)) -> 서동미6212 | E66: [입금/결제] 서동미 01032596212 어제 입금했는데 입금 안된걸로 나오네요. 확인해주세요. ^^ | F66: 45999.613 | G66: 답변완료 | H66: 현재 시스템상 입금대기 상태가 정상입니다 추후,일괄처리 할 예정입니다. 신청자 내역에 계십니다. 감사합니다 | I66: 45999.643
A67: 66 | B67: 임정임 | C67: 1031398556 | D67: =concatenate(B67,right(C67,4)) -> 임정임8556 | E67: [기타문의] 신청내역 확인해도 동반자등록이 하라고 나오고 등록을 하면안됩니다ㅜ 답변이 등록되어다고 하니 믿고 큐알코드 기다리면 되겠죠 | F67: 45999.607 | G67: 답변완료 | H67: 대표 신청자 신청내역 확인 화면에서 확인 부탁드립니다. | I67: 45999.815
A68: 67 | B68: 이은령 | C68: 1096087595 | D68: =concatenate(B68,right(C68,4)) -> 이은령7595 | E68: [입금/결제] 신청인 이은령 입금자 김성일(남편) 금액 70000원 입금확인부탁드립니다~~ 입금자를 남편명의로 전화끝자리도 기재하지않고 입금했어요 확인부탁드립니다~~~ 신청시 급한마음에 동반자 체크없이 입금하면. 자동으로 예매되는줄알았습니다~~~ 동석자 등록도 부탁드립니다~~ | F68: 45999.6 | G68: 답변완료 | H68: 신청 사이트내에서 직접 동반자 등록이 가능 하십니다. 사이트 내 하단에 신청 내역 확인 버튼 클릭 후 전화번호 11자리를 입력해주세요. 그리고 조회하기 버튼을 누르시면 관련 내용을 확인 가능합니다. 동반자칸에 인적사항 기재하시고 저장 하시면 됩니다 감사합니다. | I68: 45999.645
A69: 68 | B69: 황경미 | C69: 1039475635 | D69: =concatenate(B69,right(C69,4)) -> 황경미5635 | E69: [입금/결제] 아직 입금대기인데 언제 확인 되나요? | F69: 45999.593 | G69: 답변완료 | H69: 답변드립니다. 현재 시스템 데이터 처리중입니다. 추후, 일괄처리될 예정입니다. | I69: 45999.646
A70: 69 | B70: 이정옥 | C70: 1051154913 | D70: =concatenate(B70,right(C70,4)) -> 이정옥4913 | E70: [기타문의] 이미영 01072791346 두번 입금 했습니다 이미영우로 한번 이미영1346으로 한번 엄마꺼 제가 대신 예매해드렸네요 ㅠㅠ 환불계좌 신한 110 367 273846 이정옥 입니다 전화번호 010-5115-4913으로 확인전화 주셔도됩니다ㅜ 그리고 제가 사연을 썼는데 혹시 사연자 이름 공개해도되나요!! 엄마가 서울 가게 되셔서 … 사연 혹시나 읽어주면 본인인줄 모르실것 같은데.. | F70: 45999.592 | G70: 답변완료 | H70: 8일 18시까지 한시적으로 직접, 중복 입금 및 환불 요청 가능합니다. 신청 내역 확인 화면에 들어가셔서, 직접 진행 부탁드립니다. | I70: 45999.596
A71: 70 | B71: 진라희 | C71: 1085573114 | D71: =concatenate(B71,right(C71,4)) -> 진라희3114 | E71: [정보변경] 관리자님~~관리자님~~ 아직도 전화번호 수정이 안됩니다 계속 동반자가 번호가 다른 신청에서 사용중이라는 메세지 뜨고 수정이 안되요 저는 이름 수정이 아니라 전화번호 뒷자리 숫자 하나 수정하려는겁니다 시간이 얼마남지 않았요 ㅠㅠㅠ | F71: 45999.59 | G71: 미답변
A72: 71 | B72: 박찬영 | C72: 1071658428 | D72: =concatenate(B72,right(C72,4)) -> 박찬영8428 | E72: [정보변경] 아 감사합니다. 동반자는 갈 수 있다는 거죠? 그리고 저 대신 제 누나가 가는 건 안 될까요? 제 신분증 가지고 대신 가면 안 되는 걸까요? 꼭 갔으면 해서요. | F72: 45999.587 | G72: 답변완료 | H72: 신분증과 입력정보가 동일하여 합니다. 참고 부탁드립니다. | I72: 45999.599
A73: 72 | B73: 임정임 | C73: 1031398556 | D73: =concatenate(B73,right(C73,4)) -> 임정임8556 | E73: [정보변경] 동반자(배우식) 같이 당첨되어 취소하고 제가(임정임) 당첨된 동반자로 등록하려고하니 "이미 다른신청의 신청자 전화번호로 사용중입니다,, 라고 나오고 동반자등록이 안됩니다ㅠ 빠른 해결 방법 알려주세요 배우식 당첨된거는 취소했습니다ㅠ | F73: 45999.582 | G73: 답변완료 | H73: 동반자 정보(배우식) 입력 했습니다. 배우식님 전화번호로 신청내역 확인하시면 확인하실 수 있습니다. | I73: 45999.595
A74: 73 | B74: 나경희 | C74: 1065173088 | D74: =concatenate(B74,right(C74,4)) -> 나경희3088 | E74: [기타문의] 어제 신청 된줄 알고 3시32분27초에 국민은행 윤석만 계좌로 35000원 입금 했는데 환불 받을려면 어떻게 해야 하나요? | F74: 45999.581 | G74: 답변완료 | H74: 8일 18시까지 한시적으로 직접, 중복 입금 및 환불 요청 가능합니다. 신청 내역 확인 화면에 들어가셔서, 직접 진행 부탁드립니다. | I74: 45999.587
A75: 74 | B75: 정소연 | C75: 1032191531 | D75: =concatenate(B75,right(C75,4)) -> 정소연1531 | E75: [기타문의] 안녕하세요 자주 문의드려 죄송합니다. 처음 신청할때 동반자로 노모 이름 넣었는데 그 동반자가 연로하셔서 못 가게 될 거 같아서요ㅜㅜ...다른 이름으로 바꾸고 싶어도 못 바꾸네요. 핸드폰 번호와 생년월일은 수정할 수 있게 되어 있는데ㅜㅜ | F75: 45999.573 | G75: 답변완료 | H75: 답변 드립니다. 신청자와 동반자 성함 변경이 가능하지 않습니다. 취소,환불을 원하시면 사이트 내 하단에 신청 내역 확인 버튼 클릭 후 전화번호 11자리를 입력해주세요. 그리고 조회하기 버튼을 누르시면 관련 내용을 확인 가능합니다. 하단에 드래그해서 내려보시면 중복입금/환불신청 칸이 있습니다. 관련 정보 기입 후 "환불 신청하기"를 누르시면 확인 후 일괄처리 해드리겠습니다. 감사합니다. | I75: 45999.652
A76: 75 | B76: 한아름 | C76: 1045397911 | D76: =concatenate(B76,right(C76,4)) -> 한아름7911 | E76: [기타문의] 혹시 당일에 늦을 경우 중도입장도 가능한가요? 해외에서 당일 아침 도착편으로 귀국 예정인데 비행기 지연 등 돌발 변수가 있을 수 있을 것 같아 문의드립니다. | F76: 45999.572 | G76: 미답변
A77: 76 | B77: 현경애 | C77: 1099198597 | D77: =concatenate(B77,right(C77,4)) -> 현경애8597 | E77: [정보변경] 2인신청이 1인으로 잘못 등룩되었는데 어떻게 해야하나요 | F77: 45999.559 | G77: 답변완료 | H77: 변경은 어렵습니다. 혹 2차 오픈시 한번 더 신청 부탁드립니다. 양해 부탁드립니다. | I77: 45999.6
A78: 77 | B78: 노춘화 | C78: 1058803729 | D78: =concatenate(B78,right(C78,4)) -> 노춘화3729 | E78: [입금/결제] [Web발신] 농협 출금35,000원 12/07 09:09 302-****-6006-91 윤석만(샘커 12/8 13:22 현재도 입금대기로 조회되고 있습니다. 확인해 주시기 바랍니다. | F78: 45999.558 | G78: 답변완료 | H78: 답변드립니다. 입금대기상태가 정상입니다. 신청자내역에 계십니다. 감사합니다. | I78: 45999.567
A79: 78 | B79: 박채민 | C79: 1042109734 | D79: =concatenate(B79,right(C79,4)) -> 박채민9734 | E79: [기타문의] 2차예매는 언제 열릴까요? | F79: 45999.558 | G79: 답변완료 | H79: 추후 별도 공지드리겠습니다. | I79: 45999.558
A80: 79 | B80: 노춘화 | C80: 1058803729 | D80: =concatenate(B80,right(C80,4)) -> 노춘화3729 | E80: [입금/결제] [Web발신] 농협 출금35,000원 12/07 09:09 302-****-6006-91 윤석만(샘커 | F80: 45999.557 | G80: 답변완료 | H80: 답변드립니다. 신청내역에서 확인되십니다. 감사합니다. | I80: 45999.571
A81: 80 | B81: 김경숙 | C81: 1027323178 | D81: =concatenate(B81,right(C81,4)) -> 김경숙3178 | E81: [입금/결제] 이날 정신없이 보내서요... 김경숙3178 로 보낸거같은데... 맞게 왔나요? | F81: 45999.554 | G81: 답변완료 | H81: 답변드립니다. 신청자 내역에서 확인 되십니다. 감사합니다. | I81: 45999.558
A82: 81 | B82: 임정임 | C82: 1031398556 | D82: =concatenate(B82,right(C82,4)) -> 임정임8556 | E82: [기타문의] 동반자 :배우식 (550602) 010 2377 2555 | F82: 45999.55 | G82: 답변완료 | H82: 사이트 내 하단에 신청 내역 확인 버튼 클릭 후 전화번호 11자리를 입력해주세요. 그리고 조회하기 버튼을 누르시면 관련 내용을 확인 가능합니다. 신청자 확인란에서 동반자 클릭 하시고 인적사항 기재후 저장 하시면 됩니다. 감사합니다. | I82: 45999.556
A83: 82 | B83: 주광옥 | C83: 1022265676 | D83: =concatenate(B83,right(C83,4)) -> 주광옥5676 | E83: [정보변경] 착오가생겨 동반자취소 됐네요, 살려주세요, 😭😭😭 | F83: 45999.543 | G83: 답변완료 | H83: 답변드립니다. 현재 시스뎀상 저희가 도움드릴수없는점 양해부탁드립니다. 감사합니다. | I83: 45999.572
A84: 83 | B84: 최윤희 | C84: 1088810580 | D84: =concatenate(B84,right(C84,4)) -> 최윤희0580 | E84: [정보변경] 안녕하세요 문의 드립니다 예약 하기전에 동반자를 20일까지는 변경 가능하다해서 예약할때 우선 등록을 했는데 동반자를 바꿀 수 가 없는건가요? | F84: 45999.543 | G84: 답변완료 | H84: 답변드립니다. 예, 동반자 변경은 가능하지 않습니다. 감사합니다. | I84: 45999.573
A85: 84 | B85: 황은옥 | C85: 1090588084 | D85: =concatenate(B85,right(C85,4)) -> 황은옥8084 | E85: [기타문의] 신청자.황은옥.61.12.23 010.9058.8084 입금자명 황은옥으로 KB .70270101656969 으로 두번 한번은60000 또 한번은 10000입금을 했어요 KB79400104178355(윤석만) 입금했는데 확인좀 부탁해요 신청란에 조회가 안되는거 보니 신청이 안된건지요? | F85: 45999.543 | G85: 답변완료 | H85: 답변드립니다. 현재 신청내역에서 확인되지 않으십니다. 감사합니다. | I85: 45999.575
A86: 85 | B86: 주광옥 | C86: 1022265676 | D86: =concatenate(B86,right(C86,4)) -> 주광옥5676 | E86: [취소/환불] 농협 302-0304-4992-41 6만원, 주광옥(5676) 이중입금 되였네요, | F86: 45999.542 | G86: 답변완료 | H86: 8일 18시까지 한시적으로 직접, 중복 입금 및 환불 요청 가능합니다. 신청 내역 확인 화면에 들어가셔서, 직접 진행 부탁드립니다. | I86: 45999.6
A87: 86 | B87: 박찬영 | C87: 1071658428 | D87: =concatenate(B87,right(C87,4)) -> 박찬영8428 | E87: [정보변경] 제가 못 가게 될 상황인데 혹시 저희 누나가 제 신분증 가지고 가면 안 될까요? 신청자가 못 가면 동반자도 같이 못 가는 건가요? 동반자도 같이 못 가게 되면 너무 미안한 상황이라서요. 선처 좀 부탁드려요. | F87: 45999.533 | G87: 답변완료 | H87: 답변드립니다. 동반자만 오셔도 전혀 문제없으십니다. 감사합니다. | I87: 45999.576
A88: 87 | B88: 이영례 | C88: 1036605595 | D88: =concatenate(B88,right(C88,4)) -> 이영례5595 | E88: [기타문의] 티켓성공해서 입금했는데 아무연락이 없네요 어떻게 된것인지 궁금합니다 | F88: 45999.529 | G88: 답변완료 | H88: 답변드립니다. 현재 신청자내역에서 확인되십니다. 입금대기 상태는 정상이며 일괄처리 예정입니다. 감사합니다 | I88: 45999.579
A89: 88 | B89: 김정화 | C89: 1094956109 | D89: =concatenate(B89,right(C89,4)) -> 김정화6109 | E89: [기타문의] 신청확인이 안된다고 뜨는데(조회확인) 입금(2인) 했는데 혹시 신청이 안되었나요? | F89: 45999.526 | G89: 답변완료 | H89: 성함, 연락처, 입금시점, 은행이름, 입금자명을 남겨 주십시오. 확인해 보겠습니다. | I89: 45999.602
A90: 89 | B90: 박채빈 | C90: 1036611199 | D90: =concatenate(B90,right(C90,4)) -> 박채빈1199 | E90: [정보변경] 문의사항에도 여러차례 남겼는데 아들.딸이 당첨된것중 아들은 이미 박채빈으로 입금순으로 자리배정된다하니까 동반자 작성도 안하고 박채빈으로 신청 당첨되자마자 09시11분14초에 7만원 입금하고 딸이 당첨된것 지역에 사는 지지자 두명에게 박채빈1199로 입금하고 신청하게 하는 과정에서 오후 4-5시쯤 지지자 정보를 보냈는데 신청하는 과정에서 김영련010-3661-1199 신청자로 등록이되고 주영혜는 동반자로 등록이되여 먼저 아들이 신청자 등록하고 동반자를 마등록하고 7만원 입금한 박채빈 본인의 흔적을 찾을수가 없습니다. 신청접수증과 입금증도 있고 동반자 등록도 해야하는데 어떻게 된건지 확인이 안되니 답답하네요.입금자 신청인 박채빈으로 정보 변경을 해주실수 없나요??? | F90: 45999.514 | G90: 미답변
A91: 90 | B91: 박진숙 | C91: 1066655310 | D91: =concatenate(B91,right(C91,4)) -> 박진숙5310 | E91: [기타문의] 자리 배정이 언제쯤 될까요?? | F91: 45999.509 | G91: 답변완료 | H91: 답변드릴수 없는 점 양해부탁드립니다. 현재 시스템에서 자동 배정될 예정입니다. 감사합니다. | I91: 45999.581
A92: 91 | B92: 이세라 | C92: 1063677027 | D92: =concatenate(B92,right(C92,4)) -> 이세라7027 | E92: [입금/결제] 어제 입금을 했는데 아직 입금대기로 되어있습니다 확인 부탁드려요~ | F92: 45999.499 | G92: 답변완료 | H92: 답변드립니다. 현재 입금대기 상태가 정상입니다. 차후,일괄 처리 예정입니다. 감사합니다. | I92: 45999.583
A93: 92 | B93: 이경연 | C93: 1071866882 | D93: =concatenate(B93,right(C93,4)) -> 이경연6882 | E93: [기타문의] 콘서트 끝나는 시간이 대략 몇시쯤 될까요?? | F93: 45999.497 | G93: 답변완료 | H93: 콘서트시간은 14시 시작 17시에 끝날 예정입니다. 감사합니다 | I93: 45999.499
A94: 93 | B94: 이지현 | C94: 1037511846 | D94: =concatenate(B94,right(C94,4)) -> 이지현1846 | E94: [취소/환불] 입금을 잘못했어요 취소환불부탁드립니다 국민은행 353210016572 이지현입니다 | F94: 45999.491 | G94: 답변완료 | H94: 사이트 내 하단에 신청 내역 확인 버튼 클릭 후 전화번호 11자리를 입력해주세요. 그리고 조회하기 버튼을 누르시면 관련 내용을 확인 가능합니다. 하단에 드래그해서 내려보시면 중복입금/환불신청 칸이 있습니다. 관련 정보 기입 후 "환불 신청하기"를 누르시면 확인 후 일괄처리 해드리겠습니다. 감사합니다. | I94: 45999.496
A95: 94 | B95: 김영 | C95: 1062881842 | D95: =concatenate(B95,right(C95,4)) -> 김영1842 | E95: [취소/환불] 동반자 취소건을 다시 원상복구하면 안될까요 동반자 주광옥은 입금결재된것이 취소처리됐나봐요 번거롭게 해드려 죄송합니다 | F95: 45999.487 | G95: 답변완료 | H95: 안타깝게도 현재 저희 시스템상으론 도움 드릴수가 없습니다. 양해부탁드립니다. | I95: 45999.498
A96: 95 | B96: 김태순 | C96: 1032385025 | D96: =concatenate(B96,right(C96,4)) -> 김태순5025 | E96: [입금/결제] 12월7일 09시36분에 백은주8636. 으로 2인 60000원 입금. 현시간까지 입금대기로 나옵니다. 언제 좌석배정되는지 부탁드립니다 | F96: 45999.486 | G96: 답변완료 | H96: 답변드립니다. 현재 입금 대기상태가 정상입니다. 추후,일괄처리 예정입니다. 감사합니다. | I96: 45999.582
A97: 96 | B97: 김금자 | C97: 1033667785 | D97: =concatenate(B97,right(C97,4)) -> 김금자7785 | E97: [입금/결제] 아직 입금 대기로 되어 있던데 괜찮은걸까요? | F97: 45999.484 | G97: 답변완료 | H97: 답변드립니다. 현재 입금대기 상태가 정상입니다. 감사합니다. | I97: 45999.591
A98: 97 | B98: 김종환 | C98: 1062214246 | D98: =concatenate(B98,right(C98,4)) -> 김종환4246 | E98: [입금/결제] 아니면 이미 입금했는데, 다시 김종환4246 입금명으로 다시 입금을 해드려야하는지.. 오늘까지 입금인것같은데 확인 빠르게 부탁드려요. 2025.10.07. 09:10:01 김지현으로 7만원입금함 (오기) 원래는 김종환4246으로 해야함 | F98: 45999.483 | G98: 답변완료 | H98: 확인하겠습니다. | I98: 45999.615
A99: 98 | B99: 한원희 | C99: 1052632139 | D99: =concatenate(B99,right(C99,4)) -> 한원희2139 | E99: [기타문의] 가족들모여서 신청하면서 2인신청하려고 버벅대다가 남편이름으로 예매 성공 전화번호는 제 번호 신청자: 남편이름 입금자: 남편이름 +제핸폰 뒤4자리 신청자 이름 못 바꾼다는다해서요 각 신분증이랑 가족관계증명서 가져가면 되겠죠? 제가 찐입니다! | F99: 45999.479 | G99: 미답변
A100: 99 | B100: 김종환 | C100: 1062214246 | D100: =concatenate(B100,right(C100,4)) -> 김종환4246 | E100: [입금/결제] 아뇨! 저는 환불을 원하는게 아닙니다. “김종환4246”으로 입금을 못하고 오기로 “김지현”이름으로 입금드려서 그렇습니다. 입금으로 인정 및 좌석 배정 부탁드립니다. | F100: 45999.479 | G100: 답변완료 | H100: 확인하겠습니다. | I100: 45999.616
...

Sheet 취소환불신청자
A1: ID | B1: 신청일시 | C1: 이름 | D1: 전화번호 | F1: 생년월일(앞자리) | G1: 티켓수 | H1: 동반자 이름 | I1: 동반자 전화번호 | J1: 상태 | K1: 취소일시 | L1: 취소사유 | M1: 환불상태 | N1: 환불금액 | O1: 환불은행 | P1: 환불계좌 | Q1: 예금주
A2: 1182 | B2: 2025. 12. 07. 09:08:08 | C2: 손영숙 | D2: 010-2014-5896 | E2: =concatenate(C2,right(D2,4)) -> 손영숙5896 | F2: 620515 | G2: 1 | H2: - | I2: - | J2: 삭제됨 | K2: 2025. 12. 08. 23:16:02 | L2: - | M2: - | N2: - | O2: - | P2: - | Q2: -
A3: 1009 | B3: 2025. 12. 07. 09:07:58 | C3: 진라희 | D3: 010-7597-3388 | E3: =concatenate(C3,right(D3,4)) -> 진라희3388 | F3: 691026 | G3: 2 | H3: 이현정 | I3: 010-4626-1023 | J3: 삭제됨 | K3: 2025. 12. 07. 21:17:26 | L3: 본인 취소 요청 | M3: - | N3: - | O3: - | P3: - | Q3: -
A4: 898 | B4: 2025. 12. 07. 09:07:51 | C4: 배우식 | D4: 010-2377-2555 | E4: =concatenate(C4,right(D4,4)) -> 배우식2555 | F4: 550602 | G4: 2 | H4: - | I4: - | J4: 삭제됨 | K4: 2025. 12. 07. 21:02:46 | L4: 본인 취소 요청 | M4: - | N4: - | O4: - | P4: - | Q4: -
A5: 799 | B5: 2025. 12. 07. 09:07:42 | C5: 정두식 | D5: 010-6201-1414 | E5: =concatenate(C5,right(D5,4)) -> 정두식1414 | F5: 620923 | G5: 2 | H5: - | I5: - | J5: 삭제됨 | K5: 2025. 12. 07. 20:42:22 | L5: 본인 취소 요청 | M5: - | N5: - | O5: - | P5: - | Q5: -
A6: 360 | B6: 2025. 12. 07. 09:06:53 | C6: 김정숙 | D6: 010-2391-6517 | E6: =concatenate(C6,right(D6,4)) -> 김정숙6517 | F6: 580415 | G6: 2 | H6: - | I6: - | J6: 삭제됨 | K6: 2025. 12. 07. 20:33:43 | L6: 본인 취소 요청 | M6: - | N6: - | O6: - | P6: - | Q6: -
A7: 327 | B7: 2025. 12. 07. 09:06:50 | C7: 이유주 | D7: 010-7138-0037 | E7: =concatenate(C7,right(D7,4)) -> 이유주0037 | F7: 640228 | G7: 2 | H7: - | I7: - | J7: 삭제됨 | K7: 2025. 12. 08. 19:40:58 | L7: - | M7: - | N7: - | O7: - | P7: - | Q7: -
A8: 319 | B8: 2025. 12. 07. 09:06:49 | C8: 함정순 | D8: 010-8885-5693 | E8: =concatenate(C8,right(D8,4)) -> 함정순5693 | F8: 620819 | G8: 2 | H8: - | I8: - | J8: 삭제됨 | K8: 2025. 12. 07. 21:05:05 | L8: 본인 취소 요청 | M8: - | N8: - | O8: - | P8: - | Q8: -
A9: 298 | B9: 2025. 12. 07. 09:06:45 | C9: 서우주 | D9: 010-4023-4943 | E9: =concatenate(C9,right(D9,4)) -> 서우주4943 | F9: 90804 | G9: 2 | H9: - | I9: - | J9: 삭제됨 | K9: 2025. 12. 07. 20:53:07 | L9: 본인 취소 요청 | M9: - | N9: - | O9: - | P9: - | Q9: -
A10: 170 | B10: 2025. 12. 07. 09:06:04 | C10: 하대호 | D10: 010-2365-0480 | E10: =concatenate(C10,right(D10,4)) -> 하대호0480 | F10: 930114 | G10: 2 | H10: 하예진 | I10: 010-5795-1480 | J10: 삭제됨 | K10: 2025. 12. 07. 21:39:35 | L10: 본인 취소 요청 | M10: pending | N10: 70,000원 | O10: 우리은행 | P10: 1002143653378 | Q10: 하대호
A11: 1229 | B11: 2025. 12. 07. 09:08:13 | C11: 백승옥 | D11: 010-3745-9494 | E11: =concatenate(C11,right(D11,4)) -> 백승옥9494 | F11: 640508 | G11: 1 | H11: - | I11: - | J11: 취소됨 | K11: 2025. 12. 08. 09:22:25 | L11: 본인 취소 요청 | M11: - | N11: - | O11: - | P11: - | Q11: -
A12: 1163 | B12: 2025. 12. 07. 09:08:07 | C12: 서순임 | D12: 010-7648-6148 | E12: =concatenate(C12,right(D12,4)) -> 서순임6148 | F12: 661113 | G12: 1 | H12: - | I12: - | J12: 취소됨 | K12: 2025. 12. 08. 13:29:31 | L12: 본인 취소 요청 | M12: pending | N12: 35,000원 | O12: 농협은행 | P12: 93712304335 | Q12: 서순임
A13: 1165 | B13: 2025. 12. 07. 09:08:07 | C13: 이현정 | D13: 010-4626-1023 | E13: =concatenate(C13,right(D13,4)) -> 이현정1023 | F13: 741023 | G13: 2 | H13: 남궁영희 | I13: 010-3710-5782 | J13: 취소됨 | K13: 2025. 12. 07. 21:10:46 | L13: 본인 취소 요청 | M13: pending | N13: 70,000원 | O13: 하나은행 | P13: 56291003492707 | Q13: 이현정
A14: 1137 | B14: 2025. 12. 07. 09:08:05 | C14: 김종석 | D14: 010-4411-2572 | E14: =concatenate(C14,right(D14,4)) -> 김종석2572 | F14: 550321 | G14: 1 | H14: - | I14: - | J14: 취소됨 | K14: 2025. 12. 07. 22:03:18 | L14: 본인 취소 요청 | M14: pending | N14: 35,000원 | O14: 국민은행 | P14: 30380104099047 | Q14: 김종석
A15: 1127 | B15: 2025. 12. 07. 09:08:04 | C15: 이권옥 | D15: 010-7637-6330 | E15: =concatenate(C15,right(D15,4)) -> 이권옥6330 | F15: 721118 | G15: 1 | H15: - | I15: - | J15: 취소됨 | K15: 2025. 12. 08. 12:35:57 | L15: 본인 취소 요청 | M15: - | N15: - | O15: - | P15: - | Q15: -
A16: 1026 | B16: 2025. 12. 07. 09:07:59 | C16: 최영신 | D16: 010-6249-7030 | E16: =concatenate(C16,right(D16,4)) -> 최영신7030 | F16: 740310 | G16: 1 | H16: - | I16: - | J16: 취소됨 | K16: 2025. 12. 09. 01:40:36 | L16: 본인 취소 요청 | M16: pending | N16: 70,000원 | O16: 농협은행 | P16: 82507252143737 | Q16: 최영신
A17: 1030 | B17: 2025. 12. 07. 09:07:59 | C17: 함은순 | D17: 010-6687-7393 | E17: =concatenate(C17,right(D17,4)) -> 함은순7393 | F17: 700527 | G17: 2 | H17: 함은순 | I17: 010-6204-7393 | J17: 취소됨 | K17: 2025. 12. 07. 20:17:38 | L17: 본인 취소 요청 | M17: pending | N17: 140,000원 | O17: 대구은행 | P17: 21313098764 | Q17: 서진수
A18: 1034 | B18: 2025. 12. 07. 09:07:59 | C18: 조성식 | D18: 010-6409-9450 | E18: =concatenate(C18,right(D18,4)) -> 조성식9450 | F18: 630724 | G18: 1 | H18: - | I18: - | J18: 취소됨 | K18: 2025. 12. 08. 08:18:17 | L18: 본인 취소 요청 | M18: pending | N18: 35,000원 | O18: 우리은행 | P18: 1002030414253 | Q18: 조성식
A19: 991 | B19: 2025. 12. 07. 09:07:57 | C19: 신연희 | D19: 010-2205-0982 | E19: =concatenate(C19,right(D19,4)) -> 신연희0982 | F19: 641215 | G19: 1 | H19: - | I19: - | J19: 취소됨 | K19: 2025. 12. 08. 23:14:27 | L19: 본인 취소 요청 | M19: pending | N19: 35,000원 | O19: 신한은행 | P19: 36506330677 | Q19: 신연희
A20: 944 | B20: 2025. 12. 07. 09:07:54 | C20: 손미화 | D20: 010-8785-8192 | E20: =concatenate(C20,right(D20,4)) -> 손미화8192 | F20: 590930 | G20: 1 | H20: - | I20: - | J20: 취소됨 | K20: 2025. 12. 07. 20:50:18 | L20: 본인 취소 요청 | M20: - | N20: - | O20: - | P20: - | Q20: -
A21: 918 | B21: 2025. 12. 07. 09:07:52 | C21: 최원현 | D21: 010-3000-5775 | E21: =concatenate(C21,right(D21,4)) -> 최원현5775 | F21: 600729 | G21: 2 | H21: - | I21: - | J21: 취소됨 | K21: 2025. 12. 07. 20:59:04 | L21: 본인 취소 요청 | M21: pending | N21: 35,000원 | O21: 신한은행 | P21: 110478781303 | Q21: 최원현
A22: 930 | B22: 2025. 12. 07. 09:07:52 | C22: 손병기 | D22: 010-6266-6306 | E22: =concatenate(C22,right(D22,4)) -> 손병기6306 | F22: 681011 | G22: 2 | H22: - | I22: - | J22: 취소됨 | K22: 2025. 12. 07. 20:02:06 | L22: 본인 취소 요청 | M22: - | N22: - | O22: - | P22: - | Q22: -
A23: 904 | B23: 2025. 12. 07. 09:07:51 | C23: 김정우 | D23: 010-3004-7510 | E23: =concatenate(C23,right(D23,4)) -> 김정우7510 | F23: 960123 | G23: 2 | H23: - | I23: - | J23: 취소됨 | K23: 2025. 12. 08. 12:40:45 | L23: 본인 취소 요청 | M23: - | N23: - | O23: - | P23: - | Q23: -
A24: 892 | B24: 2025. 12. 07. 09:07:50 | C24: 장현주 | D24: 010-9915-0255 | E24: =concatenate(C24,right(D24,4)) -> 장현주0255 | F24: 680716 | G24: 2 | H24: 조현곤 | I24: 010-8352-9344 | J24: 취소됨 | K24: 2025. 12. 07. 19:51:27 | L24: 본인 취소 요청 | M24: pending | N24: 70,000원 | O24: KB국민은행 | P24: 53210514175 | Q24: 장현주
A25: 825 | B25: 2025. 12. 07. 09:07:45 | C25: 최윤지니엘 | D25: 010-5485-5967 | E25: =concatenate(C25,right(D25,4)) -> 최윤지니엘5967 | F25: 50127 | G25: 2 | H25: 최승필 | I25: 010-3067-5967 | J25: 취소됨 | K25: 2025. 12. 08. 13:08:20 | L25: 본인 취소 요청 | M25: pending | N25: 70,000원 | O25: 신한은행 | P25: 110430843476 | Q25: 장승희
A26: 818 | B26: 2025. 12. 07. 09:07:44 | C26: 김기선 | D26: 010-9392-8430 | E26: =concatenate(C26,right(D26,4)) -> 김기선8430 | F26: 601116 | G26: 1 | H26: - | I26: - | J26: 취소됨 | K26: 2025. 12. 08. 15:07:49 | L26: 본인 취소 요청 | M26: pending | N26: 35,000원 | O26: 카카오뱅크 | P26: 3333287689323 | Q26: 김기선
A27: 800 | B27: 2025. 12. 07. 09:07:42 | C27: 민충식 | D27: 010-4194-1645 | E27: =concatenate(C27,right(D27,4)) -> 민충식1645 | F27: 820710 | G27: 2 | H27: - | I27: - | J27: 취소됨 | K27: 2025. 12. 07. 22:15:14 | L27: 본인 취소 요청 | M27: - | N27: - | O27: - | P27: - | Q27: -
A28: 801 | B28: 2025. 12. 07. 09:07:42 | C28: 황연자 | D28: 010-4548-7927 | E28: =concatenate(C28,right(D28,4)) -> 황연자7927 | F28: 680103 | G28: 1 | H28: - | I28: - | J28: 취소됨 | K28: 2025. 12. 08. 09:30:05 | L28: 본인 취소 요청 | M28: pending | N28: 35,000원 | O28: 농협은행 | P28: 3564548792773 | Q28: 황연자
A29: 780 | B29: 2025. 12. 07. 09:07:40 | C29: 조문경 | D29: 010-8961-2671 | E29: =concatenate(C29,right(D29,4)) -> 조문경2671 | F29: 710901 | G29: 1 | H29: - | I29: - | J29: 취소됨 | K29: 2025. 12. 08. 15:17:09 | L29: 본인 취소 요청 | M29: - | N29: - | O29: - | P29: - | Q29: -
A30: 763 | B30: 2025. 12. 07. 09:07:39 | C30: 박은희 | D30: 010-2896-3573 | E30: =concatenate(C30,right(D30,4)) -> 박은희3573 | F30: 660411 | G30: 1 | H30: - | I30: - | J30: 취소됨 | K30: 2025. 12. 07. 21:27:40 | L30: 본인 취소 요청 | M30: - | N30: - | O30: - | P30: - | Q30: -
A31: 775 | B31: 2025. 12. 07. 09:07:39 | C31: 김재웅 | D31: 010-2205-9494 | E31: =concatenate(C31,right(D31,4)) -> 김재웅9494 | F31: 630601 | G31: 1 | H31: - | I31: - | J31: 취소됨 | K31: 2025. 12. 08. 09:23:14 | L31: 본인 취소 요청 | M31: - | N31: - | O31: - | P31: - | Q31: -
A32: 755 | B32: 2025. 12. 07. 09:07:38 | C32: 조은영 | D32: 010-2705-6110 | E32: =concatenate(C32,right(D32,4)) -> 조은영6110 | F32: 640815 | G32: 2 | H32: 김기제르모 | I32: 010-3339-1417 | J32: 취소됨 | K32: 2025. 12. 08. 06:40:24 | L32: 본인 취소 요청 | M32: pending | N32: 70,000원 | O32: 하나은행 | P32: 90491012445307 | Q32: 조은영
A33: 713 | B33: 2025. 12. 07. 09:07:33 | C33: 박규현 | D33: 010-2906-5383 | E33: =concatenate(C33,right(D33,4)) -> 박규현5383 | F33: 751027 | G33: 1 | H33: - | I33: - | J33: 취소됨 | K33: 2025. 12. 08. 18:56:02 | L33: 본인 취소 요청 | M33: - | N33: - | O33: - | P33: - | Q33: -
A34: 715 | B34: 2025. 12. 07. 09:07:33 | C34: 김동현 | D34: 010-3130-2954 | E34: =concatenate(C34,right(D34,4)) -> 김동현2954 | F34: 720308 | G34: 2 | H34: - | I34: - | J34: 취소됨 | K34: 2025. 12. 07. 23:14:01 | L34: 본인 취소 요청 | M34: - | N34: - | O34: - | P34: - | Q34: -
A35: 717 | B35: 2025. 12. 07. 09:07:33 | C35: 목진숙 | D35: 010-8907-9465 | E35: =concatenate(C35,right(D35,4)) -> 목진숙9465 | F35: 661114 | G35: 1 | H35: - | I35: - | J35: 취소됨 | K35: 2025. 12. 08. 15:03:25 | L35: 본인 취소 요청 | M35: pending | N35: 35,000원 | O35: 우리은행 | P35: 29126620402001 | Q35: 목진숙
A36: 685 | B36: 2025. 12. 07. 09:07:30 | C36: 김경축 | D36: 010-3888-4234 | E36: =concatenate(C36,right(D36,4)) -> 김경축4234 | F36: 490201 | G36: 2 | H36: - | I36: - | J36: 취소됨 | K36: 2025. 12. 07. 20:17:43 | L36: 본인 취소 요청 | M36: pending | N36: 70,000원 | O36: 농협은행 | P36: 20701352036741 | Q36: 김경축
A37: 648 | B37: 2025. 12. 07. 09:07:27 | C37: 차성애 | D37: 010-3994-2464 | E37: =concatenate(C37,right(D37,4)) -> 차성애2464 | F37: 640725 | G37: 1 | H37: - | I37: - | J37: 취소됨 | K37: 2025. 12. 07. 21:04:50 | L37: 본인 취소 요청 | M37: - | N37: - | O37: - | P37: - | Q37: -
A38: 656 | B38: 2025. 12. 07. 09:07:27 | C38: 이형순 | D38: 010-8906-8371 | E38: =concatenate(C38,right(D38,4)) -> 이형순8371 | F38: 611214 | G38: 2 | H38: 고세준 | I38: 010-7188-3304 | J38: 취소됨 | K38: 2025. 12. 08. 15:36:00 | L38: 본인 취소 요청 | M38: pending | N38: 70,000원 | O38: 국민은행 | P38: 58540101426589 | Q38: 이형순
A39: 592 | B39: 2025. 12. 07. 09:07:20 | C39: 강종오 | D39: 010-8228-8620 | E39: =concatenate(C39,right(D39,4)) -> 강종오8620 | F39: 660306 | G39: 2 | H39: 김성미 | I39: 010-7430-4447 | J39: 취소됨 | K39: 2025. 12. 08. 17:58:48 | L39: 본인 취소 요청 | M39: pending | N39: 70,000원 | O39: 농협은행 | P39: 23713456188855 | Q39: 강종오
A40: 578 | B40: 2025. 12. 07. 09:07:18 | C40: 장시아 | D40: 010-6397-6446 | E40: =concatenate(C40,right(D40,4)) -> 장시아6446 | F40: 920626 | G40: 2 | H40: - | I40: - | J40: 취소됨 | K40: 2025. 12. 08. 17:23:54 | L40: 본인 취소 요청 | M40: pending | N40: 70,000원 | O40: 기업은행 | P40: 20601857901052 | Q40: 장시아
A41: 513 | B41: 2025. 12. 07. 09:07:07 | C41: 유형우 | D41: 010-2435-5758 | E41: =concatenate(C41,right(D41,4)) -> 유형우5758 | F41: 920315 | G41: 2 | H41: - | I41: - | J41: 취소됨 | K41: 2025. 12. 07. 21:06:47 | L41: 본인 취소 요청 | M41: - | N41: - | O41: - | P41: - | Q41: -
A42: 476 | B42: 2025. 12. 07. 09:07:05 | C42: 현경애 | D42: 010-9919-8597 | E42: =concatenate(C42,right(D42,4)) -> 현경애8597 | F42: 570120 | G42: 1 | H42: - | I42: - | J42: 취소됨 | K42: 2025. 12. 08. 14:27:14 | L42: 본인 취소 요청 | M42: - | N42: - | O42: - | P42: - | Q42: -
A43: 459 | B43: 2025. 12. 07. 09:07:03 | C43: 김영선 | D43: 010-2021-5893 | E43: =concatenate(C43,right(D43,4)) -> 김영선5893 | F43: 710104 | G43: 1 | H43: - | I43: - | J43: 취소됨 | K43: 2025. 12. 08. 17:30:48 | L43: 본인 취소 요청 | M43: - | N43: - | O43: - | P43: - | Q43: -
A44: 439 | B44: 2025. 12. 07. 09:07:02 | C44: 노민영 | D44: 010-2992-6536 | E44: =concatenate(C44,right(D44,4)) -> 노민영6536 | F44: 610412 | G44: 1 | H44: - | I44: - | J44: 취소됨 | K44: 2025. 12. 07. 23:06:57 | L44: 본인 취소 요청 | M44: - | N44: - | O44: - | P44: - | Q44: -
A45: 440 | B45: 2025. 12. 07. 09:07:02 | C45: 황선영 | D45: 010-7979-9896 | E45: =concatenate(C45,right(D45,4)) -> 황선영9896 | F45: 750711 | G45: 2 | H45: - | I45: - | J45: 취소됨 | K45: 2025. 12. 08. 10:34:16 | L45: 본인 취소 요청 | M45: - | N45: - | O45: - | P45: - | Q45: -
A46: 419 | B46: 2025. 12. 07. 09:06:59 | C46: 장은지 | D46: 010-2386-6551 | E46: =concatenate(C46,right(D46,4)) -> 장은지6551 | F46: 960508 | G46: 2 | H46: - | I46: - | J46: 취소됨 | K46: 2025. 12. 07. 22:25:41 | L46: 본인 취소 요청 | M46: - | N46: - | O46: - | P46: - | Q46: -
A47: 398 | B47: 2025. 12. 07. 09:06:57 | C47: 최행자 | D47: 010-9609-0123 | E47: =concatenate(C47,right(D47,4)) -> 최행자0123 | F47: 681115 | G47: 2 | H47: - | I47: - | J47: 취소됨 | K47: 2025. 12. 07. 22:03:03 | L47: 본인 취소 요청 | M47: - | N47: - | O47: - | P47: - | Q47: -
A48: 408 | B48: 2025. 12. 07. 09:06:57 | C48: 강태구 | D48: 010-4789-8691 | E48: =concatenate(C48,right(D48,4)) -> 강태구8691 | F48: 941128 | G48: 2 | H48: - | I48: - | J48: 취소됨 | K48: 2025. 12. 07. 22:12:28 | L48: 본인 취소 요청 | M48: - | N48: - | O48: - | P48: - | Q48: -
A49: 369 | B49: 2025. 12. 07. 09:06:53 | C49: 김태기 | D49: 010-6357-8383 | E49: =concatenate(C49,right(D49,4)) -> 김태기8383 | F49: 741007 | G49: 2 | H49: - | I49: - | J49: 취소됨 | K49: 2025. 12. 07. 21:46:10 | L49: 본인 취소 요청 | M49: - | N49: - | O49: - | P49: - | Q49: -
A50: 347 | B50: 2025. 12. 07. 09:06:52 | C50: 안수진 | D50: 010-4183-2502 | E50: =concatenate(C50,right(D50,4)) -> 안수진2502 | F50: 970509 | G50: 2 | H50: 안동민 | I50: 010-7192-4541 | J50: 취소됨 | K50: 2025. 12. 07. 21:13:13 | L50: 본인 취소 요청 | M50: pending | N50: 70,000원 | O50: 국민은행 | P50: 84400101571139 | Q50: 안수진
A51: 341 | B51: 2025. 12. 07. 09:06:51 | C51: 이금주 | D51: 010-5326-6975 | E51: =concatenate(C51,right(D51,4)) -> 이금주6975 | F51: 530401 | G51: 2 | H51: 이경래 | I51: 010-5286-2950 | J51: 취소됨 | K51: 2025. 12. 08. 12:12:09 | L51: 본인 취소 요청 | M51: pending | N51: 70,000원 | O51: 신한은행 | P51: 55004451102 | Q51: 이금주
A52: 318 | B52: 2025. 12. 07. 09:06:48 | C52: 정수연 | D52: 010-3752-6464 | E52: =concatenate(C52,right(D52,4)) -> 정수연6464 | F52: 690830 | G52: 2 | H52: - | I52: - | J52: 취소됨 | K52: 2025. 12. 07. 21:01:00 | L52: 본인 취소 요청 | M52: - | N52: - | O52: - | P52: - | Q52: -
A53: 301 | B53: 2025. 12. 07. 09:06:45 | C53: 김인숙 | D53: 010-8939-6492 | E53: =concatenate(C53,right(D53,4)) -> 김인숙6492 | F53: 620807 | G53: 2 | H53: - | I53: - | J53: 취소됨 | K53: 2025. 12. 08. 16:20:51 | L53: 본인 취소 요청 | M53: pending | N53: 70,000원 | O53: 우체국 | P53: 1391202384007 | Q53: 주영선(김인숙 아들)
A54: 280 | B54: 2025. 12. 07. 09:06:38 | C54: 조정희 | D54: 010-8787-1020 | E54: =concatenate(C54,right(D54,4)) -> 조정희1020 | F54: 681215 | G54: 1 | H54: - | I54: - | J54: 취소됨 | K54: 2025. 12. 07. 21:23:04 | L54: 본인 취소 요청 | M54: pending | N54: 35,000원 | O54: 하나은행 | P54: 10989032816807 | Q54: 조정희
A55: 241 | B55: 2025. 12. 07. 09:06:27 | C55: 조성희 | D55: 010-3526-0942 | E55: =concatenate(C55,right(D55,4)) -> 조성희0942 | F55: 701110 | G55: 2 | H55: - | I55: - | J55: 취소됨 | K55: 2025. 12. 08. 01:45:39 | L55: 본인 취소 요청 | M55: - | N55: - | O55: - | P55: - | Q55: -
A56: 243 | B56: 2025. 12. 07. 09:06:27 | C56: 정재은 | D56: 010-3294-2744 | E56: =concatenate(C56,right(D56,4)) -> 정재은2744 | F56: 791118 | G56: 2 | H56: - | I56: - | J56: 취소됨 | K56: 2025. 12. 08. 11:53:20 | L56: 본인 취소 요청 | M56: - | N56: - | O56: - | P56: - | Q56: -
A57: 236 | B57: 2025. 12. 07. 09:06:23 | C57: 정태호 | D57: 010-3853-4478 | E57: =concatenate(C57,right(D57,4)) -> 정태호4478 | F57: 690905 | G57: 2 | H57: 정동혁 | I57: 010-7636-4479 | J57: 취소됨 | K57: 2025. 12. 07. 20:35:13 | L57: 본인 취소 요청 | M57: - | N57: - | O57: - | P57: - | Q57: -
A58: 223 | B58: 2025. 12. 07. 09:06:21 | C58: 오현희 | D58: 010-3087-3509 | E58: 김정임1446 | F58: 540314 | G58: 1 | H58: - | I58: - | J58: 취소됨 | K58: 2025. 12. 08. 14:26:23 | L58: 본인 취소 요청 | M58: pending | N58: 35,000원 | O58: 우리은행 | P58: 1002439104279 | Q58: 오현희
A59: 217 | B59: 2025. 12. 07. 09:06:16 | C59: 김하나 | D59: 010-8127-0794 | E59: =concatenate(C59,right(D59,4)) -> 김하나0794 | F59: 570705 | G59: 1 | H59: - | I59: - | J59: 취소됨 | K59: 2025. 12. 09. 01:07:15 | L59: 본인 취소 요청 | M59: pending | N59: 35,000원 | O59: 국민은행 | P59: 20260204046024 | Q59: 김하나
A60: 204 | B60: 2025. 12. 07. 09:06:13 | C60: 홍수민 | D60: 010-4402-7173 | E60: =concatenate(C60,right(D60,4)) -> 홍수민7173 | F60: 920618 | G60: 1 | H60: - | I60: - | J60: 취소됨 | K60: 2025. 12. 07. 20:46:30 | L60: 본인 취소 요청 | M60: pending | N60: 35,000원 | O60: 농협은행 | P60: 3521665822603 | Q60: 홍수민
A61: 145 | B61: 2025. 12. 07. 09:06:03 | C61: 김영련 | D61: 010-3661-1199 | E61: =concatenate(C61,right(D61,4)) -> 김영련1199 | F61: 580809 | G61: 2 | H61: 주영혜 | I61: 010-6235-8260 | J61: 취소됨 | K61: 2025. 12. 07. 21:52:15 | L61: 본인 취소 요청 | M61: pending | N61: 70,000원 | O61: 국민은행 | P61: 2930204204498 | Q61: 임의연

Sheet 시스템입력용입금데이터
A1: 거래일시 | B1: 구분 | C1: 입금액 | D1: 거래 후 잔액 | E1: 거래점 | F1: 보낸분/받는분 | G1: 메모
A2: 2025.12.8 11:53 | C2: 70000 | E2: 신한투자 | F2: 김진자7591
A3: 2025.12.8 11:52 | C3: 35000 | E3: 임베디 | F3: 윤정희3055
A4: 2025.12.8 11:46 | C4: 35000 | E4: 임베디 | F4: 문채영0417
A5: 2025.12.8 10:20 | C5: 35000 | E5: 우만동 | F5: 맹주갑7627
A6: 2025.12.8 9:50 | C6: 70000 | E6: 하나은행 | F6: 조용훈6725
A7: 2025.12.8 8:04 | C7: 35000 | E7: 신사동 | F7: 장재욱2348
A8: 2025.12.8 7:31 | C8: 70000 | E8: 새마을금 | F8: 이명희8150
A9: 2025.12.8 7:25 | C9: 35000 | E9: 석촌동 | F9: 이경훈7083
A10: 2025.12.8 3:52 | C10: 35000 | E10: 농협 | F10: 민영훈3412
A11: 2025.12.8 3:05 | C11: 35000 | E11: 우체국 | F11: 김규리9577
A12: 2025.12.7 23:05 | C12: 35000 | E12: 카뱅 | F12: 원종명7426
A13: 2025.12.7 22:25 | C13: 35000 | E13: 토스뱅크 | F13: 강효란2399
... A514: 2025.12.7 9:13 | C514: 70000 | E514: 농협 | F514: 김소옥7139
A515: 2025.12.7 9:13 | C515: 35000 | E515: 하나은행 | F515: 1115
A516: 2025.12.7 9:13 | C516: 70000 | E516: 하나은행 | F516: 장혜원5388
A517: 2025.12.7 9:13 | C517: 35000 | E517: 하나은행 | F517: 김순애 2928
A518: 2025.12.7 9:13 | C518: 35000 | E518: 하나은행 | F518: 문영희1684
A519: 2025.12.7 9:13 | C519: 35000 | E519: 하나은행 | F519: 송영미
A520: 2025.12.7 9:13 | C520: 35000 | E520: 미래에셋 | F520: 권혜주7104
A521: 2025.12.7 9:13 | C521: 35000 | E521: 중소기업 | F521: 김지만2399
A522: 2025.12.7 9:13 | C522: 35000 | E522: 하나은행 | F522: 조은경
A523: 2025.12.7 9:13 | C523: 70000 | E523: 농협 | F523: 송영희5681
A524: 2025.12.7 9:13 | C524: 35000 | E524: 하나은행 | F524: 김안나6030
A525: 2025.12.7 9:13 | C525: 35000 | E525: 하나은행 | F525: 오현희3509
A526: 2025.12.7 9:13 | C526: 70000 | E526: 부산은행 | F526: 박영철
A527: 2025.12.7 9:13 | C527: 70000 | E527: 우리은행 | F527: 현해시5421
... A577: 2025.12.7 9:12 | C577: 70000 | E577: 농협 | F577: 김희경5597
A578: 2025.12.7 9:12 | C578: 35000 | E578: 하나은행 | F578: 9091
A579: 2025.12.7 9:12 | C579: 35000 | E579: 농협 | F579: 박정민
A580: 2025.12.7 9:12 | C580: 35000 | E580: 독산동 | F580: 황은화0793
A581: 2025.12.7 9:12 | C581: 70000 | E581: 기장점 | F581: 윤달미
A582: 2025.12.7 9:12 | C582: 70000 | E582: 우리은행 | F582: 최선경1465
A583: 2025.12.7 9:12 | C583: 35000 | E583: 하나은행 | F583: 변수만
A584: 2025.12.7 9:12 | C584: 35000 | E584: 하나은행 | F584: 임상빈0952
A585: 2025.12.7 9:12 | C585: 70000 | E585: 농협 | F585: 6530이춘희
A586: 2025.12.7 9:12 | C586: 70000 | E586: 농협 | F586: 김경순
A587: 2025.12.7 9:12 | C587: 70000 | E587: 신한은행 | F587: 노주원1954
A588: 2025.12.7 9:12 | C588: 35000 | E588: 토스뱅크 | F588: 우진희6680
A589: 2025.12.7 9:12 | C589: 35000 | E589: 증권타 | F589: 류재관8774
A590: 2025.12.7 9:12 | C590: 70000 | E590: 신한은행 | F590: 김연서0701
... A1229: 2025.12.7 8:58 | C1229: 35000 | E1229: SC은행 | F1229: 권민주

Sheet 오픈이전 환불자 명단
A1: 연번 | B1: 이름 | C1: 전화번호 | D1: 이름(식별번호) | E1: 은행 | F1: 계좌번호 | G1: 예금주 | H1: 입금액 | I1: 환불완료여부
A2: =row()-1 -> 1 | B2: 민진영 | C2: 010-3387-1360 | D2: 민진영1360 | E2: 국민 | F2: 603702-0400-1677 | G2: 민진영 | H2: 70,000원 | I2: 완료
A3: =row()-1 -> 2 | B3: 김보람 | C3: 010-5051-0060 | D3: 김보람0060 | E3: 국민 | F3: 671-0020-405-0135 | G3: 김보람 | H3: 70,000원 | I3: 완료
A4: =row()-1 -> 3 | B4: 강현순 | C4: 010-6243-3573 | D4: 강현순3573 | E4: 국민 | F4: 575701-01-156681 | G4: 강현순 | H4: 70,000원 | I4: 완료
A5: =row()-1 -> 4 | B5: 고수경 | C5: 010-7101-4906 | D5: 고수경4906 | E5: 국민 | F5: 763801-00-212611 | G5: 고수경 | H5: 70,000원 | I5: 완료
A6: =row()-1 -> 5 | B6: 강은숙 | C6: 010-8999-2920 | D6: 강은숙 | E6: 국민 | F6: 815-24-0022-382 | G6: 강은숙 | H6: 70,000원 | I6: 완료
A7: =row()-1 -> 6 | B7: 이봉희 | C7: 010-9776-7352 | D7: 이봉희 | E7: 국민 | F7: 024802-04-254162 | G7: 이봉희 | H7: 70,000원 | I7: 완료
A8: =row()-1 -> 7 | B8: 손시연 | C8: 010-9950-5851 | D8: 손시연 | E8: 기업 | F8: 010-9950-5851 | G8: 손시연 | H8: 35,000원 | I8: 완료
A9: =row()-1 -> 8 | B9: 송성녀 | C9: 010-6383-0455 | D9: 송성녀0455 | E9: 농협 | F9: 413-12-138957 | G9: 박미소(딸) | H9: 35,000원 | I9: 완료
A10: =row()-1 -> 9 | B10: 채혜원 | C10: 010-7730-0061 | D10: 채혜원0061 | E10: 농협 | F10: 356-0923-0153-23 | G10: 채혜원 | H10: 70,000원 | I10: 완료
A11: =row()-1 -> 10 | B11: 권나희 | C11: 010-8845-1900 | D11: 권나희 | E11: 농협 | F11: 302-8845-190031 | G11: 권나희 | H11: 70,000원 | I11: 완료
A12: =row()-1 -> 11 | B12: 최영성 | C12: 010-9300-3219 | D12: 최영성3219 | E12: 새마을금고 | F12: 0906-1000-78422 | G12: 최영성 | H12: 35,000원 | I12: 완료
A13: =row()-1 -> 12 | B13: 김효원 | C13: 010-2305-7314 | D13: 김효원7314 | E13: 신한 | F13: 110152120985 | G13: 김효원 | H13: 35,000원 | I13: 완료
A14: =row()-1 -> 13 | B14: 송희정 | C14: 010-5314-9881 | D14: 송희정 | E14: 신한 | F14: 110-313-937151 | G14: 송희정 | H14: 70,000원 | I14: 완료
A15: =row()-1 -> 14 | B15: 정혜은 | C15: 010-8860-3225 | D15: 정혜은 | E15: 신한 | F15: 110-026-894154 | G15: 정혜은 | H15: 70,000원 | I15: 완료
A16: =row()-1 -> 15 | B16: 강영숙 | C16: 010-2426-2076 | D16: 강영숙2076 | E16: 우리 | F16: 1002-553-403224 | G16: 강영숙 | H16: 70,000원 | I16: 완료
A17: =row()-1 -> 16 | B17: 김혜윤 | C17: 010-2440-1842 | D17: 김혜윤1842 | E17: 우리 | F17: 553-193891-02-001 | G17: 김혜윤 | H17: 35,000원 | I17: 완료
A18: =row()-1 -> 17 | B18: 박미옥 | C18: 010-2516-8185 | D18: 박미옥8185 | E18: 우리 | F18: 1005-703-214688 | G18: 박미옥 | H18: 70,000원 | I18: 완료
A19: =row()-1 -> 18 | B19: 정혜원 | C19: 010-8910-2492 | D19: 정혜원2492 | E19: 우리 | F19: 1002-032-031899 | G19: 정혜원 | H19: 70,000원 | I19: 완료
A20: =row()-1 -> 19 | B20: 남궁미 | C20: 010-9275-6185 | D20: 남궁미6185 | E20: 우리 | F20: 335-093033-02-001 | G20: 남궁미 | H20: 70,000원 | I20: 완료
A21: =row()-1 -> 20 | B21: 장은아 | C21: 010-4130-7833 | D21: 장은아 | E21: 카카오 | F21: 3333-0239-20617 | G21: 장은아 | H21: 70,000원 | I21: 완료
A22: =row()-1 -> 21 | B22: 김규태 | C22: 010-5646-5412 | D22: 김규태 | E22: 카카오 | F22: 3333-0136-26806 | G22: 김규태 | H22: 70,000원 | I22: 완료
A23: =row()-1 -> 22 | B23: 정우석 | C23: 010-5765-6282 | D23: 정우석6282 | E23: 카카오 | F23: 3333-1092-39361 | G23: 정우석 | H23: 70,000원 | I23: 완료
A24: =row()-1 -> 23 | B24: 송현주 | C24: 010-8741-4565 | D24: 송현주4565 | E24: 카카오 | F24: 3333-18-6211836 | G24: 송현주 | H24: 70,000원 | I24: 완료
A25: =row()-1 -> 24 | B25: 우혜미 | C25: 010-9611-5761 | D25: 우혜미5761 | E25: 카카오 | F25: 3333-21-0120111 | G25: 우혜미 | H25: 35,000원 | I25: 완료
... A35: =row()-1 -> 34 | B35: 박규순 | C35: 010-7662-5506 | D35: 박규순5506 | E35: 우리 | F35: 1002 732 823895 | G35: 박규순 | H35: 70,000원 | I35: 완료
A36: =row()-1 -> 35 | B36: 정은실 | C36: 010-8540-7372 | D36: 정은실7372 | E36: 카카오 | F36: 3333017708853 | G36: 정은실 | H36: 35,000원 | I36: 완료
A37: =row()-1 -> 36 | B37: 엄나라 | D37: 엄나라0829 | H37: 35,000원
A38: =row()-1 -> 37 | B38: 이시연 | D38: 이시연7455 | E38: 카카오 | F38: 3333140197625 | G38: 이시연 | H38: 35,000원
A39: =row()-1 -> 38 | B39: 이재이 | D39: 이재이0214 | E39: 농협 | F39: 312 0174 7961 21 | G39: 이재이 | H39: 35,000원
A40: =row()-1 -> 39 | B40: 조미정 | D40: 조미정0071 | E40: 카카오 | F40: 3333012935525 | G40: 조미정 | H40: 35,000원 | I40: 완료
